customer_segment_government,customer_segment_enterprise,customer_segment_channel partners,customer_segment_midmarket,customer_segment_smallbusinees,country_canada,country_france,country_germany,country_mexico,country_united_states,product_carretera,product_montana,product_amarilla,product_paseo,product_velo,product_vtt,no_discount,low_discount,medium_discount,high_discount,units_sold,low_sale,lowmedium_sale,medium_sale,high_sale,manufacturing_price,sale_price,gross_sales,discounts,sales,cogs,profit,date_formatted,day_name,winter,spring,summer,autumn,month_number,year,2014,2013,weekday,weekend,profit_margin_pct,discount_rate_pct,ROI
1,0,0,0,0,1,0,0,0,0,1,0,0,0,0,0,1,0,0,0,1618.5,0,0,1,0,3,20,32370,0,32370,16185,16185,1/1/2014,Wednesday,1,0,0,0,1,2014,1,0,1,0,0.50,0.00,1.00
1,0,0,0,0,0,0,1,0,0,1,0,0,0,0,0,1,0,0,0,1321,0,1,0,0,3,20,26420,0,26420,13210,13210,1/1/2014,Wednesday,1,0,0,0,1,2014,1,0,1,0,0.50,0.00,1.00
0,0,0,1,0,0,1,0,0,0,1,0,0,0,0,0,1,0,0,0,2178,0,0,1,0,3,15,32670,0,32670,21780,10890,6/1/2014,Sunday,0,0,1,0,6,2014,1,0,0,1,0.33,0.00,0.50
0,0,0,1,0,0,0,1,0,0,1,0,0,0,0,0,1,0,0,0,888,0,1,0,0,3,15,13320,0,13320,8880,4440,6/1/2014,Sunday,0,0,1,0,6,2014,1,0,0,1,0.33,0.00,0.50
0,0,0,1,0,0,0,0,1,0,1,0,0,0,0,0,1,0,0,0,2470,0,0,1,0,3,15,37050,0,37050,24700,12350,6/1/2014,Sunday,0,0,1,0,6,2014,1,0,0,1,0.33,0.00,0.50
0,0,0,1,0,0,0,1,0,0,0,1,0,0,0,0,1,0,0,0,921,0,1,0,0,5,15,13815,0,13815,9210,4605,3/1/2014,Saturday,0,1,0,0,3,2014,1,0,0,1,0.33,0.00,0.50
0,0,1,0,0,1,0,0,0,0,0,1,0,0,0,0,1,0,0,0,2518,0,0,0,1,5,12,30216,0,30216,7554,22662,6/1/2014,Sunday,0,0,1,0,6,2014,1,0,0,1,0.75,0.00,3.00
1,0,0,0,0,0,1,0,0,0,0,1,0,0,0,0,1,0,0,0,1899,0,0,1,0,5,20,37980,0,37980,18990,18990,6/1/2014,Sunday,0,0,1,0,6,2014,1,0,0,1,0.50,0.00,1.00
0,0,1,0,0,0,0,1,0,0,0,1,0,0,0,0,1,0,0,0,1545,0,0,1,0,5,12,18540,0,18540,4635,13905,6/1/2014,Sunday,0,0,1,0,6,2014,1,0,0,1,0.75,0.00,3.00
0,0,0,1,0,0,0,0,1,0,0,1,0,0,0,0,1,0,0,0,2470,0,0,1,0,5,15,37050,0,37050,24700,12350,6/1/2014,Sunday,0,0,1,0,6,2014,1,0,0,1,0.33,0.00,0.50
0,1,0,0,0,1,0,0,0,0,0,1,0,0,0,0,1,0,0,0,2665.5,0,0,0,1,5,125,333187.5,0,333187.5,319860,13327.5,7/1/2014,Tuesday,0,0,1,0,7,2014,1,0,1,0,0.04,0.00,0.04
0,0,0,0,1,0,0,0,1,0,0,1,0,0,0,0,1,0,0,0,958,0,1,0,0,5,300,287400,0,287400,239500,47900,8/1/2014,Friday,0,0,1,0,8,2014,1,0,1,0,0.17,0.00,0.20
1,0,0,0,0,0,0,1,0,0,0,1,0,0,0,0,1,0,0,0,2146,0,0,1,0,5,7,15022,0,15022,10730,4292,9/1/2014,Monday,0,0,0,1,9,2014,1,0,1,0,0.29,0.00,0.40
0,1,0,0,0,1,0,0,0,0,0,1,0,0,0,0,1,0,0,0,345,1,0,0,0,5,125,43125,0,43125,41400,1725,10/1/2013,Tuesday,0,0,0,1,10,2013,0,1,1,0,0.04,0.00,0.04
0,0,0,1,0,0,0,0,0,1,0,1,0,0,0,0,1,0,0,0,615,0,1,0,0,5,15,9225,0,9225,6150,3075,12/1/2014,Monday,1,0,0,0,12,2014,1,0,1,0,0.33,0.00,0.50
1,0,0,0,0,1,0,0,0,0,0,0,0,1,0,0,1,0,0,0,292,1,0,0,0,10,20,5840,0,5840,2920,2920,2/1/2014,Saturday,1,0,0,0,2,2014,1,0,0,1,0.50,0.00,1.00
0,0,0,1,0,0,0,0,1,0,0,0,0,1,0,0,1,0,0,0,974,0,1,0,0,10,15,14610,0,14610,9740,4870,2/1/2014,Saturday,1,0,0,0,2,2014,1,0,0,1,0.33,0.00,0.50
0,0,1,0,0,1,0,0,0,0,0,0,0,1,0,0,1,0,0,0,2518,0,0,0,1,10,12,30216,0,30216,7554,22662,6/1/2014,Sunday,0,0,1,0,6,2014,1,0,0,1,0.75,0.00,3.00
0,0,1,0,0,0,0,1,0,0,0,0,0,1,0,0,1,0,0,0,367,1,0,0,0,10,12,4404,0,4404,1101,3303,7/1/2014,Tuesday,0,0,1,0,7,2014,1,0,1,0,0.75,0.00,3.00
1,0,0,0,0,0,0,0,1,0,0,0,0,1,0,0,1,0,0,0,883,0,1,0,0,10,7,6181,0,6181,4415,1766,8/1/2014,Friday,0,0,1,0,8,2014,1,0,1,0,0.29,0.00,0.40
0,0,0,1,0,0,1,0,0,0,0,0,0,1,0,0,1,0,0,0,549,0,1,0,0,10,15,8235,0,8235,5490,2745,9/1/2013,Sunday,0,0,0,1,9,2013,0,1,0,1,0.33,0.00,0.50
0,0,0,0,1,0,0,0,1,0,0,0,0,1,0,0,1,0,0,0,788,0,1,0,0,10,300,236400,0,236400,197000,39400,9/1/2013,Sunday,0,0,0,1,9,2013,0,1,0,1,0.17,0.00,0.20
0,0,0,1,0,0,0,0,1,0,0,0,0,1,0,0,1,0,0,0,2472,0,0,1,0,10,15,37080,0,37080,24720,12360,9/1/2014,Monday,0,0,0,1,9,2014,1,0,1,0,0.33,0.00,0.50
1,0,0,0,0,0,0,0,0,1,0,0,0,1,0,0,1,0,0,0,1143,0,1,0,0,10,7,8001,0,8001,5715,2286,10/1/2014,Wednesday,0,0,0,1,10,2014,1,0,1,0,0.29,0.00,0.40
0,0,1,0,0,0,0,0,0,1,0,0,0,1,0,0,1,0,0,0,912,0,1,0,0,10,12,10944,0,10944,2736,8208,11/1/2013,Friday,0,0,0,1,11,2013,0,1,1,0,0.75,0.00,3.00
0,0,0,1,0,1,0,0,0,0,0,0,0,1,0,0,1,0,0,0,2152,0,0,1,0,10,15,32280,0,32280,21520,10760,12/1/2013,Sunday,1,0,0,0,12,2013,0,1,0,1,0.33,0.00,0.50
1,0,0,0,0,1,0,0,0,0,0,0,0,1,0,0,1,0,0,0,1817,0,0,1,0,10,20,36340,0,36340,18170,18170,12/1/2014,Monday,1,0,0,0,12,2014,1,0,1,0,0.50,0.00,1.00
1,0,0,0,0,0,0,0,1,0,0,0,0,0,1,0,1,0,0,0,1493,0,1,0,0,120,7,10451,0,10451,7465,2986,1/1/2014,Wednesday,1,0,0,0,1,2014,1,0,1,0,0.29,0.00,0.40
0,1,0,0,0,0,1,0,0,0,0,0,0,0,1,0,1,0,0,0,1804,0,0,1,0,120,125,225500,0,225500,216480,9020,2/1/2014,Saturday,1,0,0,0,2,2014,1,0,0,1,0.04,0.00,0.04
0,0,1,0,0,0,0,1,0,0,0,0,0,0,1,0,1,0,0,0,2161,0,0,1,0,120,12,25932,0,25932,6483,19449,3/1/2014,Saturday,0,1,0,0,3,2014,1,0,0,1,0.75,0.00,3.00
0,0,1,0,0,0,0,1,0,0,0,0,0,0,1,0,1,0,0,0,1545,0,0,1,0,120,12,18540,0,18540,4635,13905,6/1/2014,Sunday,0,0,1,0,6,2014,1,0,0,1,0.75,0.00,3.00
0,1,0,0,0,0,0,0,0,1,0,0,0,0,1,0,1,0,0,0,2821,0,0,0,1,120,125,352625,0,352625,338520,14105,8/1/2014,Friday,0,0,1,0,8,2014,1,0,1,0,0.04,0.00,0.04
0,1,0,0,0,1,0,0,0,0,0,0,0,0,1,0,1,0,0,0,345,1,0,0,0,120,125,43125,0,43125,41400,1725,10/1/2013,Tuesday,0,0,0,1,10,2013,0,1,1,0,0.04,0.00,0.04
0,0,1,0,0,0,0,1,0,0,0,0,0,0,0,1,1,0,0,0,2838,0,0,0,1,250,12,34056,0,34056,8514,25542,4/1/2014,Tuesday,0,1,0,0,4,2014,1,0,1,0,0.75,0.00,3.00
0,0,0,1,0,0,1,0,0,0,0,0,0,0,0,1,1,0,0,0,2178,0,0,1,0,250,15,32670,0,32670,21780,10890,6/1/2014,Sunday,0,0,1,0,6,2014,1,0,0,1,0.33,0.00,0.50
0,0,0,1,0,0,0,1,0,0,0,0,0,0,0,1,1,0,0,0,888,0,1,0,0,250,15,13320,0,13320,8880,4440,6/1/2014,Sunday,0,0,1,0,6,2014,1,0,0,1,0.33,0.00,0.50
1,0,0,0,0,1,0,0,0,0,0,0,0,0,0,1,1,0,0,0,1817,0,0,1,0,250,20,36340,0,36340,18170,18170,12/1/2014,Monday,1,0,0,0,12,2014,1,0,1,0,0.50,0.00,1.00
0,0,1,0,0,0,0,0,0,1,0,0,1,0,0,0,1,0,0,0,1953,0,0,1,0,260,12,23436,0,23436,5859,17577,4/1/2014,Tuesday,0,1,0,0,4,2014,1,0,1,0,0.75,0.00,3.00
0,1,0,0,0,0,0,1,0,0,0,0,1,0,0,0,1,0,0,0,4219.5,0,0,0,1,260,125,527437.5,0,527437.5,506340,21097.5,4/1/2014,Tuesday,0,1,0,0,4,2014,1,0,1,0,0.04,0.00,0.04
1,0,0,0,0,0,1,0,0,0,0,0,1,0,0,0,1,0,0,0,1899,0,0,1,0,260,20,37980,0,37980,18990,18990,6/1/2014,Sunday,0,0,1,0,6,2014,1,0,0,1,0.50,0.00,1.00
1,0,0,0,0,0,0,1,0,0,0,0,1,0,0,0,1,0,0,0,1686,0,0,1,0,260,7,11802,0,11802,8430,3372,7/1/2014,Tuesday,0,0,1,0,7,2014,1,0,1,0,0.29,0.00,0.40
0,0,1,0,0,0,0,0,0,1,0,0,1,0,0,0,1,0,0,0,2141,0,0,1,0,260,12,25692,0,25692,6423,19269,8/1/2014,Friday,0,0,1,0,8,2014,1,0,1,0,0.75,0.00,3.00
1,0,0,0,0,0,0,0,0,1,0,0,1,0,0,0,1,0,0,0,1143,0,1,0,0,260,7,8001,0,8001,5715,2286,10/1/2014,Wednesday,0,0,0,1,10,2014,1,0,1,0,0.29,0.00,0.40
0,0,0,1,0,0,0,0,0,1,0,0,1,0,0,0,1,0,0,0,615,0,1,0,0,260,15,9225,0,9225,6150,3075,12/1/2014,Monday,1,0,0,0,12,2014,1,0,1,0,0.33,0.00,0.50
1,0,0,0,0,0,1,0,0,0,0,0,0,1,0,0,0,1,0,0,3945,0,0,0,1,10,7,27615,276.15,27338.85,19725,7613.85,1/1/2014,Wednesday,1,0,0,0,1,2014,1,0,1,0,0.28,0.01,0.39
0,0,0,1,0,0,1,0,0,0,0,0,0,1,0,0,0,1,0,0,2296,0,0,1,0,10,15,34440,344.4,34095.6,22960,11135.6,2/1/2014,Saturday,1,0,0,0,2,2014,1,0,0,1,0.33,0.01,0.49
1,0,0,0,0,0,1,0,0,0,0,0,0,1,0,0,0,1,0,0,1030,0,1,0,0,10,7,7210,72.1,7137.9,5150,1987.9,5/1/2014,Thursday,0,1,0,0,5,2014,1,0,1,0,0.28,0.01,0.39
1,0,0,0,0,0,1,0,0,0,0,0,0,0,1,0,0,1,0,0,639,0,1,0,0,120,7,4473,44.73,4428.27,3195,1233.27,11/1/2014,Saturday,0,0,0,1,11,2014,1,0,0,1,0.28,0.01,0.39
1,0,0,0,0,1,0,0,0,0,0,0,0,0,0,1,0,1,0,0,1326,0,1,0,0,250,7,9282,92.82,9189.18,6630,2559.18,3/1/2014,Saturday,0,1,0,0,3,2014,1,0,0,1,0.28,0.01,0.39
0,0,1,0,0,0,0,0,0,1,1,0,0,0,0,0,0,1,0,0,1858,0,0,1,0,3,12,22296,222.96,22073.04,5574,16499.04,2/1/2014,Saturday,1,0,0,0,2,2014,1,0,0,1,0.75,0.01,2.96
1,0,0,0,0,0,0,0,0,1,1,0,0,0,0,0,0,1,0,0,2529,0,0,0,1,3,7,17703,177.03,17525.97,12645,4880.97,7/1/2014,Tuesday,0,0,1,0,7,2014,1,0,1,0,0.28,0.01,0.39
0,0,1,0,0,1,0,0,0,0,1,0,0,0,0,0,0,1,0,0,1445,0,1,0,0,3,12,17340,173.4,17166.6,4335,12831.6,9/1/2014,Monday,0,0,0,1,9,2014,1,0,1,0,0.75,0.01,2.96
0,1,0,0,0,0,0,0,0,1,1,0,0,0,0,0,0,1,0,0,330,1,0,0,0,3,125,41250,412.5,40837.5,39600,1237.5,9/1/2013,Sunday,0,0,0,1,9,2013,0,1,0,1,0.03,0.01,0.03
0,0,1,0,0,0,1,0,0,0,1,0,0,0,0,0,0,1,0,0,2671,0,0,0,1,3,12,32052,320.52,31731.48,8013,23718.48,9/1/2014,Monday,0,0,0,1,9,2014,1,0,1,0,0.75,0.01,2.96
0,0,1,0,0,0,0,1,0,0,1,0,0,0,0,0,0,1,0,0,766,0,1,0,0,3,12,9192,91.92,9100.08,2298,6802.08,10/1/2013,Tuesday,0,0,0,1,10,2013,0,1,1,0,0.75,0.01,2.96
0,0,0,0,1,0,0,0,1,0,1,0,0,0,0,0,0,1,0,0,494,1,0,0,0,3,300,148200,1482,146718,123500,23218,10/1/2013,Tuesday,0,0,0,1,10,2013,0,1,1,0,0.16,0.01,0.19
0,0,0,1,0,0,0,0,1,0,0,1,0,0,0,0,0,1,0,0,2214,0,0,1,0,5,15,33210,332.1,32877.9,22140,10737.9,3/1/2014,Saturday,0,1,0,0,3,2014,1,0,0,1,0.33,0.01,0.49
1,0,0,0,0,0,1,0,0,0,0,1,0,0,0,0,0,1,0,0,1375.5,0,1,0,0,5,20,27510,275.1,27234.9,13755,13479.9,7/1/2014,Tuesday,0,0,1,0,7,2014,1,0,1,0,0.49,0.01,0.98
1,0,0,0,0,1,0,0,0,0,0,1,0,0,0,0,0,1,0,0,1830,0,0,1,0,5,7,12810,128.1,12681.9,9150,3531.9,8/1/2014,Friday,0,0,1,0,8,2014,1,0,1,0,0.28,0.01,0.39
0,1,0,0,0,0,0,0,0,1,0,1,0,0,0,0,0,1,0,0,663,0,1,0,0,5,125,82875,828.75,82046.25,79560,2486.25,10/1/2013,Tuesday,0,0,0,1,10,2013,0,1,1,0,0.03,0.01,0.03
0,0,0,1,0,0,0,0,0,1,0,0,0,1,0,0,0,1,0,0,1514,0,0,1,0,10,15,22710,227.1,22482.9,15140,7342.9,2/1/2014,Saturday,1,0,0,0,2,2014,1,0,0,1,0.33,0.01,0.49
1,0,0,0,0,0,0,0,0,1,0,0,0,1,0,0,0,1,0,0,4492.5,0,0,0,1,10,7,31447.5,314.48,31133.03,22462.5,8670.53,4/1/2014,Tuesday,0,1,0,0,4,2014,1,0,1,0,0.28,0.01,0.39
0,1,0,0,0,0,0,0,0,1,0,0,0,1,0,0,0,1,0,0,727,0,1,0,0,10,125,90875,908.75,89966.25,87240,2726.25,6/1/2014,Sunday,0,0,1,0,6,2014,1,0,0,1,0.03,0.01,0.03
0,1,0,0,0,0,1,0,0,0,0,0,0,1,0,0,0,1,0,0,787,0,1,0,0,10,125,98375,983.75,97391.25,94440,2951.25,6/1/2014,Sunday,0,0,1,0,6,2014,1,0,0,1,0.03,0.01,0.03
0,1,0,0,0,0,0,0,1,0,0,0,0,1,0,0,0,1,0,0,1823,0,0,1,0,10,125,227875,2278.75,225596.25,218760,6836.25,7/1/2014,Tuesday,0,0,1,0,7,2014,1,0,1,0,0.03,0.01,0.03
0,0,0,1,0,0,0,1,0,0,0,0,0,1,0,0,0,1,0,0,747,0,1,0,0,10,15,11205,112.05,11092.95,7470,3622.95,9/1/2014,Monday,0,0,0,1,9,2014,1,0,1,0,0.33,0.01,0.49
0,0,1,0,0,0,0,1,0,0,0,0,0,1,0,0,0,1,0,0,766,0,1,0,0,10,12,9192,91.92,9100.08,2298,6802.08,10/1/2013,Tuesday,0,0,0,1,10,2013,0,1,1,0,0.75,0.01,2.96
1,0,0,0,0,0,1,0,0,0,0,0,0,0,1,0,0,1,0,0,3864,0,0,0,1,120,20,77280,772.8,76507.2,38640,37867.2,4/1/2014,Tuesday,0,1,0,0,4,2014,1,0,1,0,0.49,0.01,0.98
1,0,0,0,0,0,0,0,1,0,0,0,0,0,1,0,0,1,0,0,362,1,0,0,0,120,7,2534,25.34,2508.66,1810,698.66,5/1/2014,Thursday,0,1,0,0,5,2014,1,0,1,0,0.28,0.01,0.39
0,1,0,0,0,1,0,0,0,0,0,0,0,0,1,0,0,1,0,0,923,0,1,0,0,120,125,115375,1153.75,114221.25,110760,3461.25,8/1/2014,Friday,0,0,1,0,8,2014,1,0,1,0,0.03,0.01,0.03
0,1,0,0,0,0,0,0,0,1,0,0,0,0,1,0,0,1,0,0,663,0,1,0,0,120,125,82875,828.75,82046.25,79560,2486.25,10/1/2013,Tuesday,0,0,0,1,10,2013,0,1,1,0,0.03,0.01,0.03
1,0,0,0,0,1,0,0,0,0,0,0,0,0,1,0,0,1,0,0,2092,0,0,1,0,120,7,14644,146.44,14497.56,10460,4037.56,11/1/2013,Friday,0,0,0,1,11,2013,0,1,1,0,0.28,0.01,0.39
1,0,0,0,0,0,0,1,0,0,0,0,0,0,0,1,0,1,0,0,263,1,0,0,0,250,7,1841,18.41,1822.59,1315,507.59,3/1/2014,Saturday,0,1,0,0,3,2014,1,0,0,1,0.28,0.01,0.39
0,1,0,0,0,0,0,0,0,1,0,0,0,0,0,1,0,1,0,0,727,0,1,0,0,250,125,90875,908.75,89966.25,87240,2726.25,6/1/2014,Sunday,0,0,1,0,6,2014,1,0,0,1,0.03,0.01,0.03
0,1,0,0,0,0,1,0,0,0,0,0,0,0,0,1,0,1,0,0,787,0,1,0,0,250,125,98375,983.75,97391.25,94440,2951.25,6/1/2014,Sunday,0,0,1,0,6,2014,1,0,0,1,0.03,0.01,0.03
0,0,0,0,1,0,0,1,0,0,0,0,0,0,0,1,0,1,0,0,986,0,1,0,0,250,300,295800,2958,292842,246500,46342,9/1/2014,Monday,0,0,0,1,9,2014,1,0,1,0,0.16,0.01,0.19
0,0,0,0,1,0,0,0,1,0,0,0,0,0,0,1,0,1,0,0,494,1,0,0,0,250,300,148200,1482,146718,123500,23218,10/1/2013,Tuesday,0,0,0,1,10,2013,0,1,1,0,0.16,0.01,0.19
0,1,0,0,0,0,1,0,0,0,0,0,0,0,0,1,0,1,0,0,1744,0,0,1,0,250,125,218000,2180,215820,209280,6540,11/1/2014,Saturday,0,0,0,1,11,2014,1,0,0,1,0.03,0.01,0.03
0,0,1,0,0,0,0,0,0,1,0,0,1,0,0,0,0,1,0,0,1989,0,0,1,0,260,12,23868,238.68,23629.32,5967,17662.32,9/1/2013,Sunday,0,0,0,1,9,2013,0,1,0,1,0.75,0.01,2.96
0,0,0,1,0,0,1,0,0,0,0,0,1,0,0,0,0,1,0,0,321,1,0,0,0,260,15,4815,48.15,4766.85,3210,1556.85,11/1/2013,Friday,0,0,0,1,11,2013,0,1,1,0,0.33,0.01,0.49
0,1,0,0,0,1,0,0,0,0,1,0,0,0,0,0,0,1,0,0,742.5,0,1,0,0,3,125,92812.5,1856.25,90956.25,89100,1856.25,4/1/2014,Tuesday,0,1,0,0,4,2014,1,0,1,0,0.02,0.02,0.02
0,0,1,0,0,1,0,0,0,0,1,0,0,0,0,0,0,1,0,0,1295,0,1,0,0,3,12,15540,310.8,15229.2,3885,11344.2,10/1/2014,Wednesday,0,0,0,1,10,2014,1,0,1,0,0.74,0.02,2.92
0,0,0,0,1,0,0,1,0,0,1,0,0,0,0,0,0,1,0,0,214,1,0,0,0,3,300,64200,1284,62916,53500,9416,10/1/2013,Tuesday,0,0,0,1,10,2013,0,1,1,0,0.15,0.02,0.18
1,0,0,0,0,0,1,0,0,0,1,0,0,0,0,0,0,1,0,0,2145,0,0,1,0,3,7,15015,300.3,14714.7,10725,3989.7,11/1/2013,Friday,0,0,0,1,11,2013,0,1,1,0,0.27,0.02,0.37
0,0,1,0,0,0,0,0,0,1,0,1,0,0,0,0,0,1,0,0,1142,0,1,0,0,5,12,13704,274.08,13429.92,3426,10003.92,6/1/2014,Sunday,0,0,1,0,6,2014,1,0,0,1,0.74,0.02,2.92
1,0,0,0,0,0,0,0,0,1,0,1,0,0,0,0,0,1,0,0,1566,0,0,1,0,5,20,31320,626.4,30693.6,15660,15033.6,10/1/2014,Wednesday,0,0,0,1,10,2014,1,0,1,0,0.49,0.02,0.96
0,0,1,0,0,0,0,0,1,0,0,1,0,0,0,0,0,1,0,0,690,0,1,0,0,5,12,8280,165.6,8114.4,2070,6044.4,11/1/2014,Saturday,0,0,0,1,11,2014,1,0,0,1,0.74,0.02,2.92
0,1,0,0,0,0,0,0,1,0,0,1,0,0,0,0,0,1,0,0,1660,0,0,1,0,5,125,207500,4150,203350,199200,4150,11/1/2013,Friday,0,0,0,1,11,2013,0,1,1,0,0.02,0.02,0.02
0,0,0,1,0,1,0,0,0,0,0,0,0,1,0,0,0,1,0,0,2363,0,0,1,0,10,15,35445,708.9,34736.1,23630,11106.1,2/1/2014,Saturday,1,0,0,0,2,2014,1,0,0,1,0.32,0.02,0.47
0,0,0,0,1,0,1,0,0,0,0,0,0,1,0,0,0,1,0,0,918,0,1,0,0,10,300,275400,5508,269892,229500,40392,5/1/2014,Thursday,0,1,0,0,5,2014,1,0,1,0,0.15,0.02,0.18
0,0,1,0,0,0,0,0,0,1,0,0,0,1,0,0,0,1,0,0,1142,0,1,0,0,10,12,13704,274.08,13429.92,3426,10003.92,6/1/2014,Sunday,0,0,1,0,6,2014,1,0,0,1,0.74,0.02,2.92
0,1,0,0,0,0,0,0,1,0,0,0,0,1,0,0,0,1,0,0,662,0,1,0,0,10,125,82750,1655,81095,79440,1655,6/1/2014,Sunday,0,0,1,0,6,2014,1,0,0,1,0.02,0.02,0.02
0,0,1,0,0,1,0,0,0,0,0,0,0,1,0,0,0,1,0,0,1295,0,1,0,0,10,12,15540,310.8,15229.2,3885,11344.2,10/1/2014,Wednesday,0,0,0,1,10,2014,1,0,1,0,0.74,0.02,2.92
0,1,0,0,0,0,0,1,0,0,0,0,0,1,0,0,0,1,0,0,809,0,1,0,0,10,125,101125,2022.5,99102.5,97080,2022.5,10/1/2013,Tuesday,0,0,0,1,10,2013,0,1,1,0,0.02,0.02,0.02
0,1,0,0,0,0,0,0,1,0,0,0,0,1,0,0,0,1,0,0,2145,0,0,1,0,10,125,268125,5362.5,262762.5,257400,5362.5,10/1/2013,Tuesday,0,0,0,1,10,2013,0,1,1,0,0.02,0.02,0.02
0,0,1,0,0,0,1,0,0,0,0,0,0,1,0,0,0,1,0,0,1785,0,0,1,0,10,12,21420,428.4,20991.6,5355,15636.6,11/1/2013,Friday,0,0,0,1,11,2013,0,1,1,0,0.74,0.02,2.92
0,1,0,0,0,1,0,0,0,0,0,0,0,1,0,0,0,1,0,0,2729,0,0,0,1,10,125,341125,6822.5,334302.5,327480,6822.5,12/1/2014,Monday,1,0,0,0,12,2014,1,0,1,0,0.02,0.02,0.02
0,0,0,1,0,0,0,0,0,1,0,0,0,1,0,0,0,1,0,0,1925,0,0,1,0,10,15,28875,577.5,28297.5,19250,9047.5,12/1/2013,Sunday,1,0,0,0,12,2013,0,1,0,1,0.32,0.02,0.47
1,0,0,0,0,0,0,0,0,1,0,0,0,1,0,0,0,1,0,0,2013,0,0,1,0,10,7,14091,281.82,13809.18,10065,3744.18,12/1/2013,Sunday,1,0,0,0,12,2013,0,1,0,1,0.27,0.02,0.37
0,0,1,0,0,0,1,0,0,0,0,0,0,1,0,0,0,1,0,0,1055,0,1,0,0,10,12,12660,253.2,12406.8,3165,9241.8,12/1/2014,Monday,1,0,0,0,12,2014,1,0,1,0,0.74,0.02,2.92
0,0,1,0,0,0,0,0,1,0,0,0,0,1,0,0,0,1,0,0,1084,0,1,0,0,10,12,13008,260.16,12747.84,3252,9495.84,12/1/2014,Monday,1,0,0,0,12,2014,1,0,1,0,0.74,0.02,2.92
1,0,0,0,0,0,0,0,0,1,0,0,0,0,1,0,0,1,0,0,1566,0,0,1,0,120,20,31320,626.4,30693.6,15660,15033.6,10/1/2014,Wednesday,0,0,0,1,10,2014,1,0,1,0,0.49,0.02,0.96
0,1,0,0,0,0,0,1,0,0,0,0,0,0,1,0,0,1,0,0,809,0,1,0,0,120,125,101125,2022.5,99102.5,97080,2022.5,10/1/2013,Tuesday,0,0,0,1,10,2013,0,1,1,0,0.02,0.02,0.02
0,1,0,0,0,0,0,0,1,0,0,0,0,0,1,0,0,1,0,0,2145,0,0,1,0,120,125,268125,5362.5,262762.5,257400,5362.5,10/1/2013,Tuesday,0,0,0,1,10,2013,0,1,1,0,0.02,0.02,0.02
0,0,1,0,0,0,1,0,0,0,0,0,0,0,1,0,0,1,0,0,1055,0,1,0,0,120,12,12660,253.2,12406.8,3165,9241.8,12/1/2014,Monday,1,0,0,0,12,2014,1,0,1,0,0.74,0.02,2.92
1,0,0,0,0,0,0,0,1,0,0,0,0,0,1,0,0,1,0,0,544,0,1,0,0,120,20,10880,217.6,10662.4,5440,5222.4,12/1/2013,Sunday,1,0,0,0,12,2013,0,1,0,1,0.49,0.02,0.96
0,0,1,0,0,0,0,0,1,0,0,0,0,0,1,0,0,1,0,0,1084,0,1,0,0,120,12,13008,260.16,12747.84,3252,9495.84,12/1/2014,Monday,1,0,0,0,12,2014,1,0,1,0,0.74,0.02,2.92
0,1,0,0,0,0,0,0,1,0,0,0,0,0,0,1,0,1,0,0,662,0,1,0,0,250,125,82750,1655,81095,79440,1655,6/1/2014,Sunday,0,0,1,0,6,2014,1,0,0,1,0.02,0.02,0.02
0,0,0,0,1,0,0,1,0,0,0,0,0,0,0,1,0,1,0,0,214,1,0,0,0,250,300,64200,1284,62916,53500,9416,10/1/2013,Tuesday,0,0,0,1,10,2013,0,1,1,0,0.15,0.02,0.18
0,1,0,0,0,1,0,0,0,0,0,0,0,0,0,1,0,1,0,0,2729,0,0,0,1,250,125,341125,6822.5,334302.5,327480,6822.5,12/1/2014,Monday,1,0,0,0,12,2014,1,0,1,0,0.02,0.02,0.02
1,0,0,0,0,0,0,0,0,1,0,0,0,0,0,1,0,1,0,0,266,1,0,0,0,250,350,93100,1862,91238,69160,22078,12/1/2013,Sunday,1,0,0,0,12,2013,0,1,0,1,0.24,0.02,0.32
0,0,0,0,1,0,0,1,0,0,0,0,1,0,0,0,0,1,0,0,259,1,0,0,0,260,300,77700,1554,76146,64750,11396,3/1/2014,Saturday,0,1,0,0,3,2014,1,0,0,1,0.15,0.02,0.18
0,0,0,0,1,0,0,0,1,0,0,0,1,0,0,0,0,1,0,0,1101,0,1,0,0,260,300,330300,6606,323694,275250,48444,3/1/2014,Saturday,0,1,0,0,3,2014,1,0,0,1,0.15,0.02,0.18
0,1,0,0,0,0,0,1,0,0,0,0,1,0,0,0,0,1,0,0,2276,0,0,1,0,260,125,284500,5690,278810,273120,5690,5/1/2014,Thursday,0,1,0,0,5,2014,1,0,1,0,0.02,0.02,0.02
1,0,0,0,0,0,0,0,0,1,0,0,1,0,0,0,0,1,0,0,1236,0,1,0,0,260,20,24720,494.4,24225.6,12360,11865.6,11/1/2014,Saturday,0,0,0,1,11,2014,1,0,0,1,0.49,0.02,0.96
1,0,0,0,0,0,1,0,0,0,0,0,1,0,0,0,0,1,0,0,941,0,1,0,0,260,20,18820,376.4,18443.6,9410,9033.6,11/1/2014,Saturday,0,0,0,1,11,2014,1,0,0,1,0.49,0.02,0.96
0,1,0,0,0,0,1,0,0,0,1,0,0,0,0,0,0,1,0,0,4243.5,0,0,0,1,3,125,530437.5,15913.13,514524.38,509220,5304.38,4/1/2014,Tuesday,0,1,0,0,4,2014,1,0,1,0,0.01,0.03,0.01
1,0,0,0,0,0,0,1,0,0,1,0,0,0,0,0,0,1,0,0,2580,0,0,0,1,3,20,51600,1548,50052,25800,24252,4/1/2014,Tuesday,0,1,0,0,4,2014,1,0,1,0,0.48,0.03,0.94
0,0,0,0,1,0,0,1,0,0,1,0,0,0,0,0,0,1,0,0,689,0,1,0,0,3,300,206700,6201,200499,172250,28249,6/1/2014,Sunday,0,0,1,0,6,2014,1,0,0,1,0.14,0.03,0.16
0,0,1,0,0,0,0,0,0,1,1,0,0,0,0,0,0,1,0,0,1947,0,0,1,0,3,12,23364,700.92,22663.08,5841,16822.08,9/1/2014,Monday,0,0,0,1,9,2014,1,0,1,0,0.74,0.03,2.88
0,0,1,0,0,1,0,0,0,0,1,0,0,0,0,0,0,1,0,0,908,0,1,0,0,3,12,10896,326.88,10569.12,2724,7845.12,12/1/2013,Sunday,1,0,0,0,12,2013,0,1,0,1,0.74,0.03,2.88
1,0,0,0,0,0,0,1,0,0,0,1,0,0,0,0,0,1,0,0,1958,0,0,1,0,5,7,13706,411.18,13294.82,9790,3504.82,2/1/2014,Saturday,1,0,0,0,2,2014,1,0,0,1,0.26,0.03,0.36
0,0,1,0,0,0,1,0,0,0,0,1,0,0,0,0,0,1,0,0,1901,0,0,1,0,5,12,22812,684.36,22127.64,5703,16424.64,6/1/2014,Sunday,0,0,1,0,6,2014,1,0,0,1,0.74,0.03,2.88
1,0,0,0,0,0,1,0,0,0,0,1,0,0,0,0,0,1,0,0,544,0,1,0,0,5,7,3808,114.24,3693.76,2720,973.76,9/1/2014,Monday,0,0,0,1,9,2014,1,0,1,0,0.26,0.03,0.36
0,1,0,0,0,0,1,0,0,0,0,1,0,0,0,0,0,1,0,0,1287,0,1,0,0,5,125,160875,4826.25,156048.75,154440,1608.75,12/1/2014,Monday,1,0,0,0,12,2014,1,0,1,0,0.01,0.03,0.01
0,1,0,0,0,0,0,1,0,0,0,1,0,0,0,0,0,1,0,0,1706,0,0,1,0,5,125,213250,6397.5,206852.5,204720,2132.5,12/1/2014,Monday,1,0,0,0,12,2014,1,0,1,0,0.01,0.03,0.01
0,1,0,0,0,1,0,0,0,0,0,0,0,1,0,0,0,1,0,0,1774,0,0,1,0,10,125,221750,6652.5,215097.5,212880,2217.5,3/1/2014,Saturday,0,1,0,0,3,2014,1,0,0,1,0.01,0.03,0.01
0,0,1,0,0,0,1,0,0,0,0,0,0,1,0,0,0,1,0,0,1901,0,0,1,0,10,12,22812,684.36,22127.64,5703,16424.64,6/1/2014,Sunday,0,0,1,0,6,2014,1,0,0,1,0.74,0.03,2.88
0,0,0,0,1,0,0,1,0,0,0,0,0,1,0,0,0,1,0,0,689,0,1,0,0,10,300,206700,6201,200499,172250,28249,6/1/2014,Sunday,0,0,1,0,6,2014,1,0,0,1,0.14,0.03,0.16
0,1,0,0,0,0,0,1,0,0,0,0,0,1,0,0,0,1,0,0,1570,0,0,1,0,10,125,196250,5887.5,190362.5,188400,1962.5,6/1/2014,Sunday,0,0,1,0,6,2014,1,0,0,1,0.01,0.03,0.01
0,0,1,0,0,0,0,0,0,1,0,0,0,1,0,0,0,1,0,0,1369.5,0,1,0,0,10,12,16434,493.02,15940.98,4108.5,11832.48,7/1/2014,Tuesday,0,0,1,0,7,2014,1,0,1,0,0.74,0.03,2.88
0,1,0,0,0,1,0,0,0,0,0,0,0,1,0,0,0,1,0,0,2009,0,0,1,0,10,125,251125,7533.75,243591.25,241080,2511.25,10/1/2014,Wednesday,0,0,0,1,10,2014,1,0,1,0,0.01,0.03,0.01
0,0,0,1,0,0,0,1,0,0,0,0,0,1,0,0,0,1,0,0,1945,0,0,1,0,10,15,29175,875.25,28299.75,19450,8849.75,10/1/2013,Tuesday,0,0,0,1,10,2013,0,1,1,0,0.31,0.03,0.46
0,1,0,0,0,0,1,0,0,0,0,0,0,1,0,0,0,1,0,0,1287,0,1,0,0,10,125,160875,4826.25,156048.75,154440,1608.75,12/1/2014,Monday,1,0,0,0,12,2014,1,0,1,0,0.01,0.03,0.01
0,1,0,0,0,0,0,1,0,0,0,0,0,1,0,0,0,1,0,0,1706,0,0,1,0,10,125,213250,6397.5,206852.5,204720,2132.5,12/1/2014,Monday,1,0,0,0,12,2014,1,0,1,0,0.01,0.03,0.01
0,1,0,0,0,1,0,0,0,0,0,0,0,0,1,0,0,1,0,0,2009,0,0,1,0,120,125,251125,7533.75,243591.25,241080,2511.25,10/1/2014,Wednesday,0,0,0,1,10,2014,1,0,1,0,0.01,0.03,0.01
0,0,1,0,0,0,0,0,1,0,0,0,0,0,0,1,0,1,0,0,1916,0,0,1,0,250,12,22992,689.76,22302.24,5748,16554.24,4/1/2014,Tuesday,0,1,0,0,4,2014,1,0,1,0,0.74,0.03,2.88
0,1,0,0,0,0,0,1,0,0,0,0,0,0,0,1,0,1,0,0,1570,0,0,1,0,250,125,196250,5887.5,190362.5,188400,1962.5,6/1/2014,Sunday,0,0,1,0,6,2014,1,0,0,1,0.01,0.03,0.01
0,0,0,1,0,0,0,1,0,0,0,0,0,0,0,1,0,1,0,0,1945,0,0,1,0,250,15,29175,875.25,28299.75,19450,8849.75,10/1/2013,Tuesday,0,0,0,1,10,2013,0,1,1,0,0.31,0.03,0.46
1,0,0,0,0,1,0,0,0,0,1,0,0,0,0,0,0,1,0,0,831,0,1,0,0,3,20,16620,498.6,16121.4,8310,7811.4,5/1/2014,Thursday,0,1,0,0,5,2014,1,0,1,0,0.48,0.03,0.94
1,0,0,0,0,0,0,0,1,0,0,0,0,1,0,0,0,1,0,0,1760,0,0,1,0,10,7,12320,369.6,11950.4,8800,3150.4,9/1/2013,Sunday,0,0,0,1,9,2013,0,1,0,1,0.26,0.03,0.36
1,0,0,0,0,1,0,0,0,0,0,0,0,0,1,0,0,1,0,0,3850.5,0,0,0,1,120,20,77010,2310.3,74699.7,38505,36194.7,4/1/2014,Tuesday,0,1,0,0,4,2014,1,0,1,0,0.48,0.03,0.94
0,0,1,0,0,0,0,1,0,0,0,0,0,0,0,1,0,1,0,0,2479,0,0,1,0,250,12,29748,892.44,28855.56,7437,21418.56,1/1/2014,Wednesday,1,0,0,0,1,2014,1,0,1,0,0.74,0.03,2.88
0,0,0,1,0,0,0,0,1,0,0,1,0,0,0,0,0,1,0,0,2031,0,0,1,0,5,15,30465,1218.6,29246.4,20310,8936.4,10/1/2014,Wednesday,0,0,0,1,10,2014,1,0,1,0,0.31,0.04,0.44
0,0,0,1,0,0,0,0,1,0,0,0,0,1,0,0,0,1,0,0,2031,0,0,1,0,10,15,30465,1218.6,29246.4,20310,8936.4,10/1/2014,Wednesday,0,0,0,1,10,2014,1,0,1,0,0.31,0.04,0.44
0,0,0,1,0,0,1,0,0,0,0,0,0,1,0,0,0,1,0,0,2261,0,0,1,0,10,15,33915,1356.6,32558.4,22610,9948.4,12/1/2013,Sunday,1,0,0,0,12,2013,0,1,0,1,0.31,0.04,0.44
1,0,0,0,0,0,0,0,0,1,0,0,0,0,1,0,0,1,0,0,736,0,1,0,0,120,20,14720,588.8,14131.2,7360,6771.2,9/1/2013,Sunday,0,0,0,1,9,2013,0,1,0,1,0.48,0.04,0.92
1,0,0,0,0,1,0,0,0,0,1,0,0,0,0,0,0,1,0,0,2851,0,0,0,1,3,7,19957,798.28,19158.72,14255,4903.72,10/1/2013,Tuesday,0,0,0,1,10,2013,0,1,1,0,0.26,0.04,0.34
1,0,0,0,0,0,0,0,0,1,1,0,0,0,0,0,0,1,0,0,274,1,0,0,0,3,350,95900,3836,92064,71240,20824,12/1/2014,Monday,1,0,0,0,12,2014,1,0,1,0,0.23,0.04,0.29
0,0,0,1,0,1,0,0,0,0,0,1,0,0,0,0,0,1,0,0,1967,0,0,1,0,5,15,29505,1180.2,28324.8,19670,8654.8,3/1/2014,Saturday,0,1,0,0,3,2014,1,0,0,1,0.31,0.04,0.44
1,0,0,0,0,1,0,0,0,0,0,1,0,0,0,0,0,1,0,0,2851,0,0,0,1,5,7,19957,798.28,19158.72,14255,4903.72,10/1/2013,Tuesday,0,0,0,1,10,2013,0,1,1,0,0.26,0.04,0.34
0,1,0,0,0,0,0,0,1,0,0,1,0,0,0,0,0,1,0,0,1138,0,1,0,0,5,125,142250,5690,136560,136560,0,12/1/2014,Monday,1,0,0,0,12,2014,1,0,1,0,0.00,0.04,0.00
1,0,0,0,0,1,0,0,0,0,0,0,0,1,0,0,0,1,0,0,4251,0,0,0,1,10,7,29757,1190.28,28566.72,21255,7311.72,1/1/2014,Wednesday,1,0,0,0,1,2014,1,0,1,0,0.26,0.04,0.34
0,1,0,0,0,0,0,1,0,0,0,0,0,1,0,0,0,1,0,0,795,0,1,0,0,10,125,99375,3975,95400,95400,0,3/1/2014,Saturday,0,1,0,0,3,2014,1,0,0,1,0.00,0.04,0.00
0,1,0,0,0,0,1,0,0,0,0,0,0,1,0,0,0,1,0,0,2988,0,0,0,1,10,125,373500,14940,358560,358560,0,7/1/2014,Tuesday,0,0,1,0,7,2014,1,0,1,0,0.00,0.04,0.00
0,0,0,1,0,1,0,0,0,0,0,0,0,1,0,0,0,1,0,0,218,1,0,0,0,10,15,3270,130.8,3139.2,2180,959.2,9/1/2014,Monday,0,0,0,1,9,2014,1,0,1,0,0.31,0.04,0.44
1,0,0,0,0,1,0,0,0,0,0,0,0,1,0,0,0,1,0,0,2074,0,0,1,0,10,20,41480,1659.2,39820.8,20740,19080.8,9/1/2014,Monday,0,0,0,1,9,2014,1,0,1,0,0.48,0.04,0.92
1,0,0,0,0,0,0,0,0,1,0,0,0,1,0,0,0,1,0,0,1056,0,1,0,0,10,20,21120,844.8,20275.2,10560,9715.2,9/1/2014,Monday,0,0,0,1,9,2014,1,0,1,0,0.48,0.04,0.92
0,0,0,1,0,0,0,0,0,1,0,0,0,1,0,0,0,1,0,0,671,0,1,0,0,10,15,10065,402.6,9662.4,6710,2952.4,10/1/2013,Tuesday,0,0,0,1,10,2013,0,1,1,0,0.31,0.04,0.44
0,0,0,1,0,0,0,0,1,0,0,0,0,1,0,0,0,1,0,0,1514,0,0,1,0,10,15,22710,908.4,21801.6,15140,6661.6,10/1/2013,Tuesday,0,0,0,1,10,2013,0,1,1,0,0.31,0.04,0.44
1,0,0,0,0,0,0,0,0,1,0,0,0,1,0,0,0,1,0,0,274,1,0,0,0,10,350,95900,3836,92064,71240,20824,12/1/2014,Monday,1,0,0,0,12,2014,1,0,1,0,0.23,0.04,0.29
0,1,0,0,0,0,0,0,1,0,0,0,0,1,0,0,0,1,0,0,1138,0,1,0,0,10,125,142250,5690,136560,136560,0,12/1/2014,Monday,1,0,0,0,12,2014,1,0,1,0,0.00,0.04,0.00
0,0,1,0,0,0,0,0,0,1,0,0,0,0,1,0,0,1,0,0,1465,0,1,0,0,120,12,17580,703.2,16876.8,4395,12481.8,3/1/2014,Saturday,0,1,0,0,3,2014,1,0,0,1,0.74,0.04,2.84
1,0,0,0,0,1,0,0,0,0,0,0,0,0,1,0,0,1,0,0,2646,0,0,0,1,120,20,52920,2116.8,50803.2,26460,24343.2,9/1/2013,Sunday,0,0,0,1,9,2013,0,1,0,1,0.48,0.04,0.92
0,0,1,0,0,0,1,0,0,0,0,0,0,0,0,1,0,1,0,0,866,0,1,0,0,250,12,10392,415.68,9976.32,2598,7378.32,5/1/2014,Thursday,0,1,0,0,5,2014,1,0,1,0,0.74,0.04,2.84
1,0,0,0,0,0,0,0,0,1,0,0,0,0,0,1,0,1,0,0,349,1,0,0,0,250,350,122150,4886,117264,90740,26524,9/1/2013,Sunday,0,0,0,1,9,2013,0,1,0,1,0.23,0.04,0.29
0,0,0,1,0,0,0,0,1,0,0,0,0,0,0,1,0,1,0,0,1514,0,0,1,0,250,15,22710,908.4,21801.6,15140,6661.6,10/1/2013,Tuesday,0,0,0,1,10,2013,0,1,1,0,0.31,0.04,0.44
0,1,0,0,0,0,0,0,1,0,0,0,1,0,0,0,0,1,0,0,1074,0,1,0,0,260,125,134250,5370,128880,128880,0,4/1/2014,Tuesday,0,1,0,0,4,2014,1,0,1,0,0.00,0.04,0.00
0,0,0,1,0,0,0,0,0,1,0,0,1,0,0,0,0,1,0,0,671,0,1,0,0,260,15,10065,402.6,9662.4,6710,2952.4,10/1/2013,Tuesday,0,0,0,1,10,2013,0,1,1,0,0.31,0.04,0.44
1,0,0,0,0,0,0,1,0,0,0,1,0,0,0,0,0,0,1,0,1159,0,1,0,0,5,7,8113,405.65,7707.35,5795,1912.35,10/1/2013,Tuesday,0,0,0,1,10,2013,0,1,1,0,0.25,0.05,0.33
1,0,0,0,0,0,0,1,0,0,0,0,0,1,0,0,0,0,1,0,1372,0,1,0,0,10,7,9604,480.2,9123.8,6860,2263.8,1/1/2014,Wednesday,1,0,0,0,1,2014,1,0,1,0,0.25,0.05,0.33
1,0,0,0,0,1,0,0,0,0,0,0,0,1,0,0,0,0,1,0,2349,0,0,1,0,10,7,16443,822.15,15620.85,11745,3875.85,9/1/2013,Sunday,0,0,0,1,9,2013,0,1,0,1,0.25,0.05,0.33
1,0,0,0,0,0,0,0,1,0,0,0,0,1,0,0,0,0,1,0,2689,0,0,0,1,10,7,18823,941.15,17881.85,13445,4436.85,10/1/2014,Wednesday,0,0,0,1,10,2014,1,0,1,0,0.25,0.05,0.33
0,0,1,0,0,1,0,0,0,0,0,0,0,1,0,0,0,0,1,0,2431,0,0,1,0,10,12,29172,1458.6,27713.4,7293,20420.4,12/1/2014,Monday,1,0,0,0,12,2014,1,0,1,0,0.74,0.05,2.80
0,0,1,0,0,1,0,0,0,0,0,0,0,0,1,0,0,0,1,0,2431,0,0,1,0,120,12,29172,1458.6,27713.4,7293,20420.4,12/1/2014,Monday,1,0,0,0,12,2014,1,0,1,0,0.74,0.05,2.80
1,0,0,0,0,0,0,0,1,0,0,0,0,0,0,1,0,0,1,0,2689,0,0,0,1,250,7,18823,941.15,17881.85,13445,4436.85,10/1/2014,Wednesday,0,0,0,1,10,2014,1,0,1,0,0.25,0.05,0.33
1,0,0,0,0,0,0,0,1,0,0,0,1,0,0,0,0,0,1,0,1683,0,0,1,0,260,7,11781,589.05,11191.95,8415,2776.95,7/1/2014,Tuesday,0,0,1,0,7,2014,1,0,1,0,0.25,0.05,0.33
0,0,1,0,0,0,0,0,1,0,0,0,1,0,0,0,0,0,1,0,1123,0,1,0,0,260,12,13476,673.8,12802.2,3369,9433.2,8/1/2014,Friday,0,0,1,0,8,2014,1,0,1,0,0.74,0.05,2.80
1,0,0,0,0,0,0,1,0,0,0,0,1,0,0,0,0,0,1,0,1159,0,1,0,0,260,7,8113,405.65,7707.35,5795,1912.35,10/1/2013,Tuesday,0,0,0,1,10,2013,0,1,1,0,0.25,0.05,0.33
0,0,1,0,0,0,1,0,0,0,1,0,0,0,0,0,0,0,1,0,1865,0,0,1,0,3,12,22380,1119,21261,5595,15666,2/1/2014,Saturday,1,0,0,0,2,2014,1,0,0,1,0.74,0.05,2.80
0,0,1,0,0,0,0,1,0,0,1,0,0,0,0,0,0,0,1,0,1116,0,1,0,0,3,12,13392,669.6,12722.4,3348,9374.4,2/1/2014,Saturday,1,0,0,0,2,2014,1,0,0,1,0.74,0.05,2.80
1,0,0,0,0,0,1,0,0,0,1,0,0,0,0,0,0,0,1,0,1563,0,0,1,0,3,20,31260,1563,29697,15630,14067,5/1/2014,Thursday,0,1,0,0,5,2014,1,0,1,0,0.47,0.05,0.90
0,0,0,0,1,0,0,0,0,1,1,0,0,0,0,0,0,0,1,0,991,0,1,0,0,3,300,297300,14865,282435,247750,34685,6/1/2014,Sunday,0,0,1,0,6,2014,1,0,0,1,0.12,0.05,0.14
1,0,0,0,0,0,0,1,0,0,1,0,0,0,0,0,0,0,1,0,1016,0,1,0,0,3,7,7112,355.6,6756.4,5080,1676.4,11/1/2013,Friday,0,0,0,1,11,2013,0,1,1,0,0.25,0.05,0.33
0,0,0,1,0,0,0,0,1,0,1,0,0,0,0,0,0,0,1,0,2791,0,0,0,1,3,15,41865,2093.25,39771.75,27910,11861.75,11/1/2014,Saturday,0,0,0,1,11,2014,1,0,0,1,0.30,0.05,0.43
1,0,0,0,0,0,0,0,0,1,1,0,0,0,0,0,0,0,1,0,570,0,1,0,0,3,7,3990,199.5,3790.5,2850,940.5,12/1/2014,Monday,1,0,0,0,12,2014,1,0,1,0,0.25,0.05,0.33
1,0,0,0,0,0,1,0,0,0,1,0,0,0,0,0,0,0,1,0,2487,0,0,1,0,3,7,17409,870.45,16538.55,12435,4103.55,12/1/2014,Monday,1,0,0,0,12,2014,1,0,1,0,0.25,0.05,0.33
0,1,0,0,0,0,0,0,0,1,0,1,0,0,0,0,0,0,1,0,3627,0,0,0,1,5,125,453375,22668.75,430706.25,435240,-4533.75,7/1/2014,Tuesday,0,0,1,0,7,2014,1,0,1,0,-0.01,0.05,-0.01
1,0,0,0,0,0,0,0,1,0,0,1,0,0,0,0,0,0,1,0,720,0,1,0,0,5,350,252000,12600,239400,187200,52200,9/1/2013,Sunday,0,0,0,1,9,2013,0,1,0,1,0.22,0.05,0.28
0,0,1,0,0,0,0,1,0,0,0,1,0,0,0,0,0,0,1,0,2342,0,0,1,0,5,12,28104,1405.2,26698.8,7026,19672.8,11/1/2014,Saturday,0,0,0,1,11,2014,1,0,0,1,0.74,0.05,2.80
0,0,0,0,1,0,0,0,1,0,0,1,0,0,0,0,0,0,1,0,1100,0,1,0,0,5,300,330000,16500,313500,275000,38500,12/1/2013,Sunday,1,0,0,0,12,2013,0,1,0,1,0.12,0.05,0.14
1,0,0,0,0,0,1,0,0,0,0,0,0,1,0,0,0,0,1,0,1303,0,1,0,0,10,20,26060,1303,24757,13030,11727,2/1/2014,Saturday,1,0,0,0,2,2014,1,0,0,1,0.47,0.05,0.90
0,1,0,0,0,0,0,0,0,1,0,0,0,1,0,0,0,0,1,0,2992,0,0,0,1,10,125,374000,18700,355300,359040,-3740,3/1/2014,Saturday,0,1,0,0,3,2014,1,0,0,1,-0.01,0.05,-0.01
0,1,0,0,0,0,1,0,0,0,0,0,0,1,0,0,0,0,1,0,2385,0,0,1,0,10,125,298125,14906.25,283218.75,286200,-2981.25,3/1/2014,Saturday,0,1,0,0,3,2014,1,0,0,1,-0.01,0.05,-0.01
1,0,0,0,0,0,0,0,0,1,0,0,0,1,0,0,0,0,1,0,2327,0,0,1,0,10,7,16289,814.45,15474.55,11635,3839.55,5/1/2014,Thursday,0,1,0,0,5,2014,1,0,1,0,0.25,0.05,0.33
0,0,0,0,1,0,0,0,0,1,0,0,0,1,0,0,0,0,1,0,991,0,1,0,0,10,300,297300,14865,282435,247750,34685,6/1/2014,Sunday,0,0,1,0,6,2014,1,0,0,1,0.12,0.05,0.14
1,0,0,0,0,0,0,0,0,1,0,0,0,1,0,0,0,0,1,0,602,0,1,0,0,10,350,210700,10535,200165,156520,43645,6/1/2014,Sunday,0,0,1,0,6,2014,1,0,0,1,0.22,0.05,0.28
0,0,0,1,0,0,1,0,0,0,0,0,0,1,0,0,0,0,1,0,2620,0,0,0,1,10,15,39300,1965,37335,26200,11135,9/1/2014,Monday,0,0,0,1,9,2014,1,0,1,0,0.30,0.05,0.43
1,0,0,0,0,1,0,0,0,0,0,0,0,1,0,0,0,0,1,0,1389,0,1,0,0,10,20,27780,1389,26391,13890,12501,10/1/2013,Tuesday,0,0,0,1,10,2013,0,1,1,0,0.47,0.05,0.90
0,1,0,0,0,0,0,0,0,1,0,0,0,1,0,0,0,0,1,0,861,0,1,0,0,10,125,107625,5381.25,102243.75,103320,-1076.25,10/1/2014,Wednesday,0,0,0,1,10,2014,1,0,1,0,-0.01,0.05,-0.01
0,1,0,0,0,0,1,0,0,0,0,0,0,1,0,0,0,0,1,0,704,0,1,0,0,10,125,88000,4400,83600,84480,-880,10/1/2013,Tuesday,0,0,0,1,10,2013,0,1,1,0,-0.01,0.05,-0.01
1,0,0,0,0,1,0,0,0,0,0,0,0,1,0,0,0,0,1,0,1802,0,0,1,0,10,20,36040,1802,34238,18020,16218,12/1/2013,Sunday,1,0,0,0,12,2013,0,1,0,1,0.47,0.05,0.90
1,0,0,0,0,0,0,0,0,1,0,0,0,1,0,0,0,0,1,0,2663,0,0,0,1,10,20,53260,2663,50597,26630,23967,12/1/2014,Monday,1,0,0,0,12,2014,1,0,1,0,0.47,0.05,0.90
1,0,0,0,0,0,1,0,0,0,0,0,0,1,0,0,0,0,1,0,2136,0,0,1,0,10,7,14952,747.6,14204.4,10680,3524.4,12/1/2013,Sunday,1,0,0,0,12,2013,0,1,0,1,0.25,0.05,0.33
0,0,0,1,0,0,0,1,0,0,0,0,0,1,0,0,0,0,1,0,2116,0,0,1,0,10,15,31740,1587,30153,21160,8993,12/1/2013,Sunday,1,0,0,0,12,2013,0,1,0,1,0.30,0.05,0.43
0,0,0,1,0,0,0,0,0,1,0,0,0,0,1,0,0,0,1,0,555,0,1,0,0,120,15,8325,416.25,7908.75,5550,2358.75,1/1/2014,Wednesday,1,0,0,0,1,2014,1,0,1,0,0.30,0.05,0.43
0,0,0,1,0,0,0,0,1,0,0,0,0,0,1,0,0,0,1,0,2861,0,0,0,1,120,15,42915,2145.75,40769.25,28610,12159.25,1/1/2014,Wednesday,1,0,0,0,1,2014,1,0,1,0,0.30,0.05,0.43
0,1,0,0,0,0,0,1,0,0,0,0,0,0,1,0,0,0,1,0,807,0,1,0,0,120,125,100875,5043.75,95831.25,96840,-1008.75,2/1/2014,Saturday,1,0,0,0,2,2014,1,0,0,1,-0.01,0.05,-0.01
1,0,0,0,0,0,0,0,0,1,0,0,0,0,1,0,0,0,1,0,602,0,1,0,0,120,350,210700,10535,200165,156520,43645,6/1/2014,Sunday,0,0,1,0,6,2014,1,0,0,1,0.22,0.05,0.28
1,0,0,0,0,0,0,0,0,1,0,0,0,0,1,0,0,0,1,0,2832,0,0,0,1,120,20,56640,2832,53808,28320,25488,8/1/2014,Friday,0,0,1,0,8,2014,1,0,1,0,0.47,0.05,0.90
1,0,0,0,0,0,1,0,0,0,0,0,0,0,1,0,0,0,1,0,1579,0,0,1,0,120,20,31580,1579,30001,15790,14211,8/1/2014,Friday,0,0,1,0,8,2014,1,0,1,0,0.47,0.05,0.90
0,1,0,0,0,0,0,0,0,1,0,0,0,0,1,0,0,0,1,0,861,0,1,0,0,120,125,107625,5381.25,102243.75,103320,-1076.25,10/1/2014,Wednesday,0,0,0,1,10,2014,1,0,1,0,-0.01,0.05,-0.01
0,1,0,0,0,0,1,0,0,0,0,0,0,0,1,0,0,0,1,0,704,0,1,0,0,120,125,88000,4400,83600,84480,-880,10/1/2013,Tuesday,0,0,0,1,10,2013,0,1,1,0,-0.01,0.05,-0.01
1,0,0,0,0,0,1,0,0,0,0,0,0,0,1,0,0,0,1,0,1033,0,1,0,0,120,20,20660,1033,19627,10330,9297,12/1/2013,Sunday,1,0,0,0,12,2013,0,1,0,1,0.47,0.05,0.90
0,0,0,0,1,0,0,1,0,0,0,0,0,0,1,0,0,0,1,0,1250,0,1,0,0,120,300,375000,18750,356250,312500,43750,12/1/2014,Monday,1,0,0,0,12,2014,1,0,1,0,0.12,0.05,0.14
1,0,0,0,0,1,0,0,0,0,0,0,0,0,0,1,0,0,1,0,1389,0,1,0,0,250,20,27780,1389,26391,13890,12501,10/1/2013,Tuesday,0,0,0,1,10,2013,0,1,1,0,0.47,0.05,0.90
1,0,0,0,0,0,0,0,0,1,0,0,0,0,0,1,0,0,1,0,1265,0,1,0,0,250,20,25300,1265,24035,12650,11385,11/1/2013,Friday,0,0,0,1,11,2013,0,1,1,0,0.47,0.05,0.90
1,0,0,0,0,0,0,1,0,0,0,0,0,0,0,1,0,0,1,0,2297,0,0,1,0,250,20,45940,2297,43643,22970,20673,11/1/2013,Friday,0,0,0,1,11,2013,0,1,1,0,0.47,0.05,0.90
1,0,0,0,0,0,0,0,0,1,0,0,0,0,0,1,0,0,1,0,2663,0,0,0,1,250,20,53260,2663,50597,26630,23967,12/1/2014,Monday,1,0,0,0,12,2014,1,0,1,0,0.47,0.05,0.90
1,0,0,0,0,0,0,0,0,1,0,0,0,0,0,1,0,0,1,0,570,0,1,0,0,250,7,3990,199.5,3790.5,2850,940.5,12/1/2014,Monday,1,0,0,0,12,2014,1,0,1,0,0.25,0.05,0.33
1,0,0,0,0,0,1,0,0,0,0,0,0,0,0,1,0,0,1,0,2487,0,0,1,0,250,7,17409,870.45,16538.55,12435,4103.55,12/1/2014,Monday,1,0,0,0,12,2014,1,0,1,0,0.25,0.05,0.33
1,0,0,0,0,1,0,0,0,0,0,0,1,0,0,0,0,0,1,0,552,0,1,0,0,260,350,193200,9660,183540,143520,40020,8/1/2014,Friday,0,0,1,0,8,2014,1,0,1,0,0.22,0.05,0.28
0,0,0,0,1,0,0,1,0,0,0,0,1,0,0,0,0,0,1,0,1250,0,1,0,0,260,300,375000,18750,356250,312500,43750,12/1/2014,Monday,1,0,0,0,12,2014,1,0,1,0,0.12,0.05,0.14
0,0,0,1,0,0,1,0,0,0,0,0,0,1,0,0,0,0,1,0,3801,0,0,0,1,10,15,57015,3420.9,53594.1,38010,15584.1,4/1/2014,Tuesday,0,1,0,0,4,2014,1,0,1,0,0.29,0.06,0.41
1,0,0,0,0,0,0,0,0,1,1,0,0,0,0,0,0,0,1,0,1117.5,0,1,0,0,3,20,22350,1341,21009,11175,9834,1/1/2014,Wednesday,1,0,0,0,1,2014,1,0,1,0,0.47,0.06,0.88
0,0,0,1,0,1,0,0,0,0,1,0,0,0,0,0,0,0,1,0,2844,0,0,0,1,3,15,42660,2559.6,40100.4,28440,11660.4,6/1/2014,Sunday,0,0,1,0,6,2014,1,0,0,1,0.29,0.06,0.41
0,0,1,0,0,0,0,0,1,0,1,0,0,0,0,0,0,0,1,0,562,0,1,0,0,3,12,6744,404.64,6339.36,1686,4653.36,9/1/2014,Monday,0,0,0,1,9,2014,1,0,1,0,0.73,0.06,2.76
0,0,1,0,0,1,0,0,0,0,1,0,0,0,0,0,0,0,1,0,2299,0,0,1,0,3,12,27588,1655.28,25932.72,6897,19035.72,10/1/2013,Tuesday,0,0,0,1,10,2013,0,1,1,0,0.73,0.06,2.76
0,0,0,1,0,0,0,0,0,1,1,0,0,0,0,0,0,0,1,0,2030,0,0,1,0,3,15,30450,1827,28623,20300,8323,11/1/2014,Saturday,0,0,0,1,11,2014,1,0,0,1,0.29,0.06,0.41
1,0,0,0,0,0,0,0,0,1,1,0,0,0,0,0,0,0,1,0,263,1,0,0,0,3,7,1841,110.46,1730.54,1315,415.54,11/1/2013,Friday,0,0,0,1,11,2013,0,1,1,0,0.24,0.06,0.32
0,1,0,0,0,0,0,1,0,0,1,0,0,0,0,0,0,0,1,0,887,0,1,0,0,3,125,110875,6652.5,104222.5,106440,-2217.5,12/1/2013,Sunday,1,0,0,0,12,2013,0,1,0,1,-0.02,0.06,-0.02
1,0,0,0,0,0,1,0,0,0,0,1,0,0,0,0,0,0,1,0,1403,0,1,0,0,5,7,9821,589.26,9231.74,7015,2216.74,10/1/2013,Tuesday,0,0,0,1,10,2013,0,1,1,0,0.24,0.06,0.32
0,0,1,0,0,0,0,0,0,1,0,1,0,0,0,0,0,0,1,0,2723,0,0,0,1,5,12,32676,1960.56,30715.44,8169,22546.44,11/1/2014,Saturday,0,0,0,1,11,2014,1,0,0,1,0.73,0.06,2.76
0,0,1,0,0,1,0,0,0,0,0,0,0,1,0,0,0,0,1,0,2299,0,0,1,0,10,12,27588,1655.28,25932.72,6897,19035.72,10/1/2013,Tuesday,0,0,0,1,10,2013,0,1,1,0,0.73,0.06,2.76
1,0,0,0,0,0,0,0,0,1,0,0,0,1,0,0,0,0,1,0,727,0,1,0,0,10,350,254450,15267,239183,189020,50163,10/1/2013,Tuesday,0,0,0,1,10,2013,0,1,1,0,0.21,0.06,0.27
0,1,0,0,0,1,0,0,0,0,0,0,0,0,1,0,0,0,1,0,952,0,1,0,0,120,125,119000,7140,111860,114240,-2380,2/1/2014,Saturday,1,0,0,0,2,2014,1,0,0,1,-0.02,0.06,-0.02
0,1,0,0,0,0,0,0,0,1,0,0,0,0,1,0,0,0,1,0,2755,0,0,0,1,120,125,344375,20662.5,323712.5,330600,-6887.5,2/1/2014,Saturday,1,0,0,0,2,2014,1,0,0,1,-0.02,0.06,-0.02
0,0,0,1,0,0,0,1,0,0,0,0,0,0,1,0,0,0,1,0,1530,0,0,1,0,120,15,22950,1377,21573,15300,6273,5/1/2014,Thursday,0,1,0,0,5,2014,1,0,1,0,0.29,0.06,0.41
1,0,0,0,0,0,0,0,1,0,0,0,0,0,1,0,0,0,1,0,1498,0,1,0,0,120,7,10486,629.16,9856.84,7490,2366.84,6/1/2014,Sunday,0,0,1,0,6,2014,1,0,0,1,0.24,0.06,0.32
0,0,0,0,1,0,1,0,0,0,0,0,0,0,1,0,0,0,1,0,1221,0,1,0,0,120,300,366300,21978,344322,305250,39072,10/1/2013,Tuesday,0,0,0,1,10,2013,0,1,1,0,0.11,0.06,0.13
0,0,0,1,0,1,0,0,0,0,0,0,0,0,0,1,0,0,1,0,2844,0,0,0,1,250,15,42660,2559.6,40100.4,28440,11660.4,6/1/2014,Sunday,0,0,1,0,6,2014,1,0,0,1,0.29,0.06,0.41
1,0,0,0,0,0,0,0,1,0,0,0,0,0,0,1,0,0,1,0,1498,0,1,0,0,250,7,10486,629.16,9856.84,7490,2366.84,6/1/2014,Sunday,0,0,1,0,6,2014,1,0,0,1,0.24,0.06,0.32
0,0,0,0,1,0,1,0,0,0,0,0,0,0,0,1,0,0,1,0,1221,0,1,0,0,250,300,366300,21978,344322,305250,39072,10/1/2013,Tuesday,0,0,0,1,10,2013,0,1,1,0,0.11,0.06,0.13
1,0,0,0,0,0,0,0,1,0,0,0,0,0,0,1,0,0,1,0,1123,0,1,0,0,250,20,22460,1347.6,21112.4,11230,9882.4,11/1/2013,Friday,0,0,0,1,11,2013,0,1,1,0,0.47,0.06,0.88
0,1,0,0,0,0,1,0,0,0,0,0,1,0,0,0,0,0,1,0,1987.5,0,0,1,0,260,125,248437.5,14906.25,233531.25,238500,-4968.75,1/1/2014,Wednesday,1,0,0,0,1,2014,1,0,1,0,-0.02,0.06,-0.02
1,0,0,0,0,0,0,0,0,1,0,0,1,0,0,0,0,0,1,0,727,0,1,0,0,260,350,254450,15267,239183,189020,50163,10/1/2013,Tuesday,0,0,0,1,10,2013,0,1,1,0,0.21,0.06,0.27
1,0,0,0,0,0,1,0,0,0,0,0,1,0,0,0,0,0,1,0,1403,0,1,0,0,260,7,9821,589.26,9231.74,7015,2216.74,10/1/2013,Tuesday,0,0,0,1,10,2013,0,1,1,0,0.24,0.06,0.32
1,0,0,0,0,0,1,0,0,0,0,1,0,0,0,0,0,0,1,0,1757,0,0,1,0,5,20,35140,2108.4,33031.6,17570,15461.6,10/1/2013,Tuesday,0,0,0,1,10,2013,0,1,1,0,0.47,0.06,0.88
0,0,0,1,0,0,0,0,0,1,0,0,0,1,0,0,0,0,1,0,2198,0,0,1,0,10,15,32970,1978.2,30991.8,21980,9011.8,8/1/2014,Friday,0,0,1,0,8,2014,1,0,1,0,0.29,0.06,0.41
0,0,0,1,0,0,0,1,0,0,0,0,0,1,0,0,0,0,1,0,1743,0,0,1,0,10,15,26145,1568.7,24576.3,17430,7146.3,8/1/2014,Friday,0,0,1,0,8,2014,1,0,1,0,0.29,0.06,0.41
0,0,0,1,0,0,0,0,0,1,0,0,0,1,0,0,0,0,1,0,1153,0,1,0,0,10,15,17295,1037.7,16257.3,11530,4727.3,10/1/2014,Wednesday,0,0,0,1,10,2014,1,0,1,0,0.29,0.06,0.41
1,0,0,0,0,0,1,0,0,0,0,0,0,1,0,0,0,0,1,0,1757,0,0,1,0,10,20,35140,2108.4,33031.6,17570,15461.6,10/1/2013,Tuesday,0,0,0,1,10,2013,0,1,1,0,0.47,0.06,0.88
1,0,0,0,0,0,0,1,0,0,0,0,0,0,1,0,0,0,1,0,1001,0,1,0,0,120,20,20020,1201.2,18818.8,10010,8808.8,8/1/2014,Friday,0,0,1,0,8,2014,1,0,1,0,0.47,0.06,0.88
1,0,0,0,0,0,0,0,1,0,0,0,0,0,1,0,0,0,1,0,1333,0,1,0,0,120,7,9331,559.86,8771.14,6665,2106.14,11/1/2014,Saturday,0,0,0,1,11,2014,1,0,0,1,0.24,0.06,0.32
0,0,0,1,0,0,0,0,0,1,0,0,0,0,0,1,0,0,1,0,1153,0,1,0,0,250,15,17295,1037.7,16257.3,11530,4727.3,10/1/2014,Wednesday,0,0,0,1,10,2014,1,0,1,0,0.29,0.06,0.41
0,0,1,0,0,0,0,0,1,0,1,0,0,0,0,0,0,0,1,0,727,0,1,0,0,3,12,8724,610.68,8113.32,2181,5932.32,2/1/2014,Saturday,1,0,0,0,2,2014,1,0,0,1,0.73,0.07,2.72
0,0,1,0,0,1,0,0,0,0,1,0,0,0,0,0,0,0,1,0,1884,0,0,1,0,3,12,22608,1582.56,21025.44,5652,15373.44,8/1/2014,Friday,0,0,1,0,8,2014,1,0,1,0,0.73,0.07,2.72
1,0,0,0,0,0,0,0,1,0,1,0,0,0,0,0,0,0,1,0,1834,0,0,1,0,3,20,36680,2567.6,34112.4,18340,15772.4,9/1/2013,Sunday,0,0,0,1,9,2013,0,1,0,1,0.46,0.07,0.86
0,0,1,0,0,0,0,0,1,0,0,1,0,0,0,0,0,0,1,0,2340,0,0,1,0,5,12,28080,1965.6,26114.4,7020,19094.4,1/1/2014,Wednesday,1,0,0,0,1,2014,1,0,1,0,0.73,0.07,2.72
0,0,1,0,0,0,1,0,0,0,0,1,0,0,0,0,0,0,1,0,2342,0,0,1,0,5,12,28104,1967.28,26136.72,7026,19110.72,11/1/2014,Saturday,0,0,0,1,11,2014,1,0,0,1,0.73,0.07,2.72
1,0,0,0,0,0,1,0,0,0,0,0,0,1,0,0,0,0,1,0,1031,0,1,0,0,10,7,7217,505.19,6711.81,5155,1556.81,9/1/2013,Sunday,0,0,0,1,9,2013,0,1,0,1,0.23,0.07,0.30
0,0,0,1,0,1,0,0,0,0,0,0,0,0,1,0,0,0,1,0,1262,0,1,0,0,120,15,18930,1325.1,17604.9,12620,4984.9,5/1/2014,Thursday,0,1,0,0,5,2014,1,0,1,0,0.28,0.07,0.40
1,0,0,0,0,1,0,0,0,0,0,0,0,0,1,0,0,0,1,0,1135,0,1,0,0,120,7,7945,556.15,7388.85,5675,1713.85,6/1/2014,Sunday,0,0,1,0,6,2014,1,0,0,1,0.23,0.07,0.30
1,0,0,0,0,0,0,0,0,1,0,0,0,0,1,0,0,0,1,0,547,0,1,0,0,120,7,3829,268.03,3560.97,2735,825.97,11/1/2014,Saturday,0,0,0,1,11,2014,1,0,0,1,0.23,0.07,0.30
1,0,0,0,0,1,0,0,0,0,0,0,0,0,1,0,0,0,1,0,1582,0,0,1,0,120,7,11074,775.18,10298.82,7910,2388.82,12/1/2014,Monday,1,0,0,0,12,2014,1,0,1,0,0.23,0.07,0.30
0,0,1,0,0,0,1,0,0,0,0,0,0,0,0,1,0,0,1,0,1738.5,0,0,1,0,250,12,20862,1460.34,19401.66,5215.5,14186.16,4/1/2014,Tuesday,0,1,0,0,4,2014,1,0,1,0,0.73,0.07,2.72
0,0,1,0,0,0,0,1,0,0,0,0,0,0,0,1,0,0,1,0,2215,0,0,1,0,250,12,26580,1860.6,24719.4,6645,18074.4,9/1/2013,Sunday,0,0,0,1,9,2013,0,1,0,1,0.73,0.07,2.72
1,0,0,0,0,1,0,0,0,0,0,0,0,0,0,1,0,0,1,0,1582,0,0,1,0,250,7,11074,775.18,10298.82,7910,2388.82,12/1/2014,Monday,1,0,0,0,12,2014,1,0,1,0,0.23,0.07,0.30
1,0,0,0,0,1,0,0,0,0,0,0,1,0,0,0,0,0,1,0,1135,0,1,0,0,260,7,7945,556.15,7388.85,5675,1713.85,6/1/2014,Sunday,0,0,1,0,6,2014,1,0,0,1,0.23,0.07,0.30
0,0,0,0,1,0,1,0,0,0,1,0,0,0,0,0,0,0,1,0,448,1,0,0,0,3,300,134400,9408,124992,112000,12992,6/1/2014,Sunday,0,0,1,0,6,2014,1,0,0,1,0.10,0.07,0.12
1,0,0,0,0,0,1,0,0,0,0,1,0,0,0,0,0,0,1,0,1976,0,0,1,0,5,20,39520,2766.4,36753.6,19760,16993.6,10/1/2014,Wednesday,0,0,0,1,10,2014,1,0,1,0,0.46,0.07,0.86
0,1,0,0,0,0,0,1,0,0,0,1,0,0,0,0,0,0,1,0,2500,0,0,1,0,5,125,312500,21875,290625,300000,-9375,11/1/2013,Friday,0,0,0,1,11,2013,0,1,1,0,-0.03,0.07,-0.03
0,0,0,0,1,1,0,0,0,0,0,0,0,1,0,0,0,0,1,0,1702,0,0,1,0,10,300,510600,35742,474858,425500,49358,5/1/2014,Thursday,0,1,0,0,5,2014,1,0,1,0,0.10,0.07,0.12
0,0,0,0,1,0,1,0,0,0,0,0,0,1,0,0,0,0,1,0,448,1,0,0,0,10,300,134400,9408,124992,112000,12992,6/1/2014,Sunday,0,0,1,0,6,2014,1,0,0,1,0.10,0.07,0.12
0,1,0,0,0,0,0,1,0,0,0,0,0,1,0,0,0,0,1,0,3513,0,0,0,1,10,125,439125,30738.75,408386.25,421560,-13173.75,7/1/2014,Tuesday,0,0,1,0,7,2014,1,0,1,0,-0.03,0.07,-0.03
0,0,0,1,0,0,1,0,0,0,0,0,0,1,0,0,0,0,1,0,2101,0,0,1,0,10,15,31515,2206.05,29308.95,21010,8298.95,8/1/2014,Friday,0,0,1,0,8,2014,1,0,1,0,0.28,0.07,0.40
0,0,0,1,0,0,0,0,0,1,0,0,0,1,0,0,0,0,1,0,2931,0,0,0,1,10,15,43965,3077.55,40887.45,29310,11577.45,9/1/2013,Sunday,0,0,0,1,9,2013,0,1,0,1,0.28,0.07,0.40
1,0,0,0,0,0,1,0,0,0,0,0,0,1,0,0,0,0,1,0,1535,0,0,1,0,10,20,30700,2149,28551,15350,13201,9/1/2014,Monday,0,0,0,1,9,2014,1,0,1,0,0.46,0.07,0.86
0,0,0,0,1,0,0,1,0,0,0,0,0,1,0,0,0,0,1,0,1123,0,1,0,0,10,300,336900,23583,313317,280750,32567,9/1/2013,Sunday,0,0,0,1,9,2013,0,1,0,1,0.10,0.07,0.12
0,0,0,0,1,1,0,0,0,0,0,0,0,1,0,0,0,0,1,0,1404,0,1,0,0,10,300,421200,29484,391716,351000,40716,11/1/2013,Friday,0,0,0,1,11,2013,0,1,1,0,0.10,0.07,0.12
0,0,1,0,0,0,0,0,1,0,0,0,0,1,0,0,0,0,1,0,2763,0,0,0,1,10,12,33156,2320.92,30835.08,8289,22546.08,11/1/2013,Friday,0,0,0,1,11,2013,0,1,1,0,0.73,0.07,2.72
1,0,0,0,0,0,0,1,0,0,0,0,0,1,0,0,0,0,1,0,2125,0,0,1,0,10,7,14875,1041.25,13833.75,10625,3208.75,12/1/2013,Sunday,1,0,0,0,12,2013,0,1,0,1,0.23,0.07,0.30
0,0,0,0,1,0,1,0,0,0,0,0,0,0,1,0,0,0,1,0,1659,0,0,1,0,120,300,497700,34839,462861,414750,48111,7/1/2014,Tuesday,0,0,1,0,7,2014,1,0,1,0,0.10,0.07,0.12
1,0,0,0,0,0,0,0,1,0,0,0,0,0,1,0,0,0,1,0,609,0,1,0,0,120,20,12180,852.6,11327.4,6090,5237.4,8/1/2014,Friday,0,0,1,0,8,2014,1,0,1,0,0.46,0.07,0.86
0,1,0,0,0,0,0,1,0,0,0,0,0,0,1,0,0,0,1,0,2087,0,0,1,0,120,125,260875,18261.25,242613.75,250440,-7826.25,9/1/2014,Monday,0,0,0,1,9,2014,1,0,1,0,-0.03,0.07,-0.03
1,0,0,0,0,0,1,0,0,0,0,0,0,0,1,0,0,0,1,0,1976,0,0,1,0,120,20,39520,2766.4,36753.6,19760,16993.6,10/1/2014,Wednesday,0,0,0,1,10,2014,1,0,1,0,0.46,0.07,0.86
1,0,0,0,0,0,0,0,0,1,0,0,0,0,1,0,0,0,1,0,1421,0,1,0,0,120,20,28420,1989.4,26430.6,14210,12220.6,12/1/2013,Sunday,1,0,0,0,12,2013,0,1,0,1,0.46,0.07,0.86
0,0,0,0,1,0,0,0,0,1,0,0,0,0,1,0,0,0,1,0,1372,0,1,0,0,120,300,411600,28812,382788,343000,39788,12/1/2014,Monday,1,0,0,0,12,2014,1,0,1,0,0.10,0.07,0.12
1,0,0,0,0,0,0,1,0,0,0,0,0,0,1,0,0,0,1,0,588,0,1,0,0,120,20,11760,823.2,10936.8,5880,5056.8,12/1/2013,Sunday,1,0,0,0,12,2013,0,1,0,1,0.46,0.07,0.86
0,0,1,0,0,1,0,0,0,0,0,0,0,0,0,1,0,0,1,0,3244.5,0,0,0,1,250,12,38934,2725.38,36208.62,9733.5,26475.12,1/1/2014,Wednesday,1,0,0,0,1,2014,1,0,1,0,0.73,0.07,2.72
0,0,0,0,1,0,1,0,0,0,0,0,0,0,0,1,0,0,1,0,959,0,1,0,0,250,300,287700,20139,267561,239750,27811,2/1/2014,Saturday,1,0,0,0,2,2014,1,0,0,1,0.10,0.07,0.12
0,1,0,0,0,1,0,0,0,0,0,0,1,0,0,0,0,0,1,0,1645,0,0,1,0,260,125,205625,14393.75,191231.25,197400,-6168.75,5/1/2014,Thursday,0,1,0,0,5,2014,1,0,1,0,-0.03,0.07,-0.03
0,1,0,0,0,0,0,1,0,0,0,0,1,0,0,0,0,0,1,0,994,0,1,0,0,260,125,124250,8697.5,115552.5,119280,-3727.5,9/1/2013,Sunday,0,0,0,1,9,2013,0,1,0,1,-0.03,0.07,-0.03
1,0,0,0,0,1,0,0,0,0,0,0,1,0,0,0,0,0,1,0,1118,0,1,0,0,260,20,22360,1565.2,20794.8,11180,9614.8,11/1/2014,Saturday,0,0,0,1,11,2014,1,0,0,1,0.46,0.07,0.86
0,0,0,0,1,0,0,0,0,1,0,0,1,0,0,0,0,0,1,0,1372,0,1,0,0,260,300,411600,28812,382788,343000,39788,12/1/2014,Monday,1,0,0,0,12,2014,1,0,1,0,0.10,0.07,0.12
1,0,0,0,0,1,0,0,0,0,0,1,0,0,0,0,0,0,1,0,488,1,0,0,0,5,7,3416,273.28,3142.72,2440,702.72,2/1/2014,Saturday,1,0,0,0,2,2014,1,0,0,1,0.22,0.08,0.29
1,0,0,0,0,0,0,0,0,1,0,1,0,0,0,0,0,0,1,0,1282,0,1,0,0,5,20,25640,2051.2,23588.8,12820,10768.8,6/1/2014,Sunday,0,0,1,0,6,2014,1,0,0,1,0.46,0.08,0.84
1,0,0,0,0,1,0,0,0,0,0,0,0,1,0,0,0,0,1,0,257,1,0,0,0,10,7,1799,143.92,1655.08,1285,370.08,5/1/2014,Thursday,0,1,0,0,5,2014,1,0,1,0,0.22,0.08,0.29
1,0,0,0,0,0,0,0,0,1,0,0,1,0,0,0,0,0,1,0,1282,0,1,0,0,260,20,25640,2051.2,23588.8,12820,10768.8,6/1/2014,Sunday,0,0,1,0,6,2014,1,0,0,1,0.46,0.08,0.84
0,1,0,0,0,0,0,0,1,0,1,0,0,0,0,0,0,0,1,0,1540,0,0,1,0,3,125,192500,15400,177100,184800,-7700,8/1/2014,Friday,0,0,1,0,8,2014,1,0,1,0,-0.04,0.08,-0.04
0,0,0,1,0,0,1,0,0,0,1,0,0,0,0,0,0,0,1,0,490,1,0,0,0,3,15,7350,588,6762,4900,1862,11/1/2014,Saturday,0,0,0,1,11,2014,1,0,0,1,0.28,0.08,0.38
0,0,0,1,0,0,1,0,0,0,0,1,0,0,0,0,0,0,1,0,2501,0,0,0,1,5,15,37515,3001.2,34513.8,25010,9503.8,3/1/2014,Saturday,0,1,0,0,3,2014,1,0,0,1,0.28,0.08,0.38
1,0,0,0,0,1,0,0,0,0,0,1,0,0,0,0,0,0,1,0,708,0,1,0,0,5,20,14160,1132.8,13027.2,7080,5947.2,6/1/2014,Sunday,0,0,1,0,6,2014,1,0,0,1,0.46,0.08,0.84
1,0,0,0,0,0,0,1,0,0,0,1,0,0,0,0,0,0,1,0,645,0,1,0,0,5,20,12900,1032,11868,6450,5418,7/1/2014,Tuesday,0,0,1,0,7,2014,1,0,1,0,0.46,0.08,0.84
0,0,0,0,1,0,1,0,0,0,0,1,0,0,0,0,0,0,1,0,1562,0,0,1,0,5,300,468600,37488,431112,390500,40612,8/1/2014,Friday,0,0,1,0,8,2014,1,0,1,0,0.09,0.08,0.10
0,0,0,0,1,1,0,0,0,0,0,1,0,0,0,0,0,0,1,0,1283,0,1,0,0,5,300,384900,30792,354108,320750,33358,9/1/2013,Sunday,0,0,0,1,9,2013,0,1,0,1,0.09,0.08,0.10
0,0,0,1,0,0,0,1,0,0,0,1,0,0,0,0,0,0,1,0,711,0,1,0,0,5,15,10665,853.2,9811.8,7110,2701.8,12/1/2014,Monday,1,0,0,0,12,2014,1,0,1,0,0.28,0.08,0.38
0,1,0,0,0,0,0,0,1,0,0,0,0,1,0,0,0,0,1,0,1114,0,1,0,0,10,125,139250,11140,128110,133680,-5570,3/1/2014,Saturday,0,1,0,0,3,2014,1,0,0,1,-0.04,0.08,-0.04
1,0,0,0,0,0,0,1,0,0,0,0,0,1,0,0,0,0,1,0,1259,0,1,0,0,10,7,8813,705.04,8107.96,6295,1812.96,4/1/2014,Tuesday,0,1,0,0,4,2014,1,0,1,0,0.22,0.08,0.29
1,0,0,0,0,0,0,1,0,0,0,0,0,1,0,0,0,0,1,0,1095,0,1,0,0,10,7,7665,613.2,7051.8,5475,1576.8,5/1/2014,Thursday,0,1,0,0,5,2014,1,0,1,0,0.22,0.08,0.29
1,0,0,0,0,0,0,1,0,0,0,0,0,1,0,0,0,0,1,0,1366,0,1,0,0,10,20,27320,2185.6,25134.4,13660,11474.4,6/1/2014,Sunday,0,0,1,0,6,2014,1,0,0,1,0.46,0.08,0.84
1,0,0,0,0,0,0,0,0,1,0,0,0,1,0,0,0,0,1,0,678,0,1,0,0,10,7,4746,379.68,4366.32,3390,976.32,8/1/2014,Friday,0,0,1,0,8,2014,1,0,1,0,0.22,0.08,0.29
1,0,0,0,0,0,0,1,0,0,0,0,0,1,0,0,0,0,1,0,1598,0,0,1,0,10,7,11186,894.88,10291.12,7990,2301.12,8/1/2014,Friday,0,0,1,0,8,2014,1,0,1,0,0.22,0.08,0.29
1,0,0,0,0,0,0,1,0,0,0,0,0,1,0,0,0,0,1,0,2409,0,0,1,0,10,7,16863,1349.04,15513.96,12045,3468.96,9/1/2013,Sunday,0,0,0,1,9,2013,0,1,0,1,0.22,0.08,0.29
1,0,0,0,0,0,0,1,0,0,0,0,0,1,0,0,0,0,1,0,1934,0,0,1,0,10,20,38680,3094.4,35585.6,19340,16245.6,9/1/2014,Monday,0,0,0,1,9,2014,1,0,1,0,0.46,0.08,0.84
1,0,0,0,0,0,0,0,1,0,0,0,0,1,0,0,0,0,1,0,2993,0,0,0,1,10,20,59860,4788.8,55071.2,29930,25141.2,9/1/2014,Monday,0,0,0,1,9,2014,1,0,1,0,0.46,0.08,0.84
1,0,0,0,0,0,0,0,1,0,0,0,0,1,0,0,0,0,1,0,1946,0,0,1,0,10,7,13622,1089.76,12532.24,9730,2802.24,12/1/2013,Sunday,1,0,0,0,12,2013,0,1,0,1,0.22,0.08,0.29
0,0,1,0,0,1,0,0,0,0,0,0,0,0,1,0,0,0,1,0,598,0,1,0,0,120,12,7176,574.08,6601.92,1794,4807.92,3/1/2014,Saturday,0,1,0,0,3,2014,1,0,0,1,0.73,0.08,2.68
1,0,0,0,0,0,0,0,0,1,0,0,0,0,1,0,0,0,1,0,2907,0,0,0,1,120,7,20349,1627.92,18721.08,14535,4186.08,6/1/2014,Sunday,0,0,1,0,6,2014,1,0,0,1,0.22,0.08,0.29
1,0,0,0,0,0,0,1,0,0,0,0,0,0,1,0,0,0,1,0,2338,0,0,1,0,120,7,16366,1309.28,15056.72,11690,3366.72,6/1/2014,Sunday,0,0,1,0,6,2014,1,0,0,1,0.22,0.08,0.29
0,0,0,0,1,0,1,0,0,0,0,0,0,0,1,0,0,0,1,0,386,1,0,0,0,120,300,115800,9264,106536,96500,10036,11/1/2013,Friday,0,0,0,1,11,2013,0,1,1,0,0.09,0.08,0.10
0,0,0,0,1,0,0,0,1,0,0,0,0,0,1,0,0,0,1,0,635,0,1,0,0,120,300,190500,15240,175260,158750,16510,12/1/2014,Monday,1,0,0,0,12,2014,1,0,1,0,0.09,0.08,0.10
1,0,0,0,0,0,1,0,0,0,0,0,0,0,0,1,0,0,1,0,574.5,0,1,0,0,250,350,201075,16086,184989,149370,35619,4/1/2014,Tuesday,0,1,0,0,4,2014,1,0,1,0,0.19,0.08,0.24
1,0,0,0,0,0,0,1,0,0,0,0,0,0,0,1,0,0,1,0,2338,0,0,1,0,250,7,16366,1309.28,15056.72,11690,3366.72,6/1/2014,Sunday,0,0,1,0,6,2014,1,0,0,1,0.22,0.08,0.29
1,0,0,0,0,0,1,0,0,0,0,0,0,0,0,1,0,0,1,0,381,1,0,0,0,250,350,133350,10668,122682,99060,23622,8/1/2014,Friday,0,0,1,0,8,2014,1,0,1,0,0.19,0.08,0.24
1,0,0,0,0,0,0,1,0,0,0,0,0,0,0,1,0,0,1,0,422,1,0,0,0,250,350,147700,11816,135884,109720,26164,8/1/2014,Friday,0,0,1,0,8,2014,1,0,1,0,0.19,0.08,0.24
0,0,0,0,1,0,0,0,0,1,0,0,0,0,0,1,0,0,1,0,808,0,1,0,0,250,300,242400,19392,223008,202000,21008,12/1/2013,Sunday,1,0,0,0,12,2013,0,1,0,1,0.09,0.08,0.10
1,0,0,0,0,1,0,0,0,0,0,0,1,0,0,0,0,0,1,0,708,0,1,0,0,260,20,14160,1132.8,13027.2,7080,5947.2,6/1/2014,Sunday,0,0,1,0,6,2014,1,0,0,1,0.46,0.08,0.84
1,0,0,0,0,0,0,0,0,1,0,0,1,0,0,0,0,0,1,0,2907,0,0,0,1,260,7,20349,1627.92,18721.08,14535,4186.08,6/1/2014,Sunday,0,0,1,0,6,2014,1,0,0,1,0.22,0.08,0.29
1,0,0,0,0,0,0,1,0,0,0,0,1,0,0,0,0,0,1,0,1366,0,1,0,0,260,20,27320,2185.6,25134.4,13660,11474.4,6/1/2014,Sunday,0,0,1,0,6,2014,1,0,0,1,0.46,0.08,0.84
1,0,0,0,0,0,0,1,0,0,0,0,1,0,0,0,0,0,1,0,1520,0,0,1,0,260,20,30400,2432,27968,15200,12768,11/1/2014,Saturday,0,0,0,1,11,2014,1,0,0,1,0.46,0.08,0.84
0,0,0,1,0,0,0,1,0,0,0,0,1,0,0,0,0,0,1,0,711,0,1,0,0,260,15,10665,853.2,9811.8,7110,2701.8,12/1/2014,Monday,1,0,0,0,12,2014,1,0,1,0,0.28,0.08,0.38
0,0,1,0,0,0,0,0,1,0,0,0,1,0,0,0,0,0,1,0,1375,0,1,0,0,260,12,16500,1320,15180,4125,11055,12/1/2013,Sunday,1,0,0,0,12,2013,0,1,0,1,0.73,0.08,2.68
0,0,0,0,1,0,0,0,1,0,0,0,1,0,0,0,0,0,1,0,635,0,1,0,0,260,300,190500,15240,175260,158750,16510,12/1/2014,Monday,1,0,0,0,12,2014,1,0,1,0,0.09,0.08,0.10
1,0,0,0,0,0,0,0,0,1,0,0,0,0,0,1,0,0,1,0,436.5,1,0,0,0,250,20,8730,698.4,8031.6,4365,3666.6,7/1/2014,Tuesday,0,0,1,0,7,2014,1,0,1,0,0.46,0.08,0.84
0,0,0,0,1,1,0,0,0,0,1,0,0,0,0,0,0,0,1,0,1094,0,1,0,0,3,300,328200,29538,298662,273500,25162,6/1/2014,Sunday,0,0,1,0,6,2014,1,0,0,1,0.08,0.09,0.09
0,0,1,0,0,0,0,0,1,0,1,0,0,0,0,0,0,0,1,0,367,1,0,0,0,3,12,4404,396.36,4007.64,1101,2906.64,10/1/2013,Tuesday,0,0,0,1,10,2013,0,1,1,0,0.73,0.09,2.64
0,0,0,0,1,0,1,0,0,0,0,1,0,0,0,0,0,0,1,0,322,1,0,0,0,5,300,96600,8694,87906,80500,7406,9/1/2013,Sunday,0,0,0,1,9,2013,0,1,0,1,0.08,0.09,0.09
0,0,1,0,0,1,0,0,0,0,0,1,0,0,0,0,0,0,1,0,2321,0,0,1,0,5,12,27852,2506.68,25345.32,6963,18382.32,11/1/2014,Saturday,0,0,0,1,11,2014,1,0,0,1,0.73,0.09,2.64
0,1,0,0,0,0,1,0,0,0,0,1,0,0,0,0,0,0,1,0,1857,0,0,1,0,5,125,232125,20891.25,211233.75,222840,-11606.25,11/1/2013,Friday,0,0,0,1,11,2013,0,1,1,0,-0.05,0.09,-0.05
1,0,0,0,0,1,0,0,0,0,0,1,0,0,0,0,0,0,1,0,1611,0,0,1,0,5,7,11277,1014.93,10262.07,8055,2207.07,12/1/2013,Sunday,1,0,0,0,12,2013,0,1,0,1,0.22,0.09,0.27
0,1,0,0,0,0,0,0,0,1,0,1,0,0,0,0,0,0,1,0,2797,0,0,0,1,5,125,349625,31466.25,318158.75,335640,-17481.25,12/1/2014,Monday,1,0,0,0,12,2014,1,0,1,0,-0.05,0.09,-0.05
0,0,0,0,1,0,0,1,0,0,0,1,0,0,0,0,0,0,1,0,334,1,0,0,0,5,300,100200,9018,91182,83500,7682,12/1/2013,Sunday,1,0,0,0,12,2013,0,1,0,1,0.08,0.09,0.09
0,0,0,1,0,0,0,0,0,1,0,0,0,1,0,0,0,0,1,0,3675,0,0,0,1,10,15,55125,4961.25,50163.75,36750,13413.75,4/1/2014,Tuesday,0,1,0,0,4,2014,1,0,1,0,0.27,0.09,0.37
0,0,0,0,1,1,0,0,0,0,0,0,0,1,0,0,0,0,1,0,1094,0,1,0,0,10,300,328200,29538,298662,273500,25162,6/1/2014,Sunday,0,0,1,0,6,2014,1,0,0,1,0.08,0.09,0.09
0,0,0,1,0,0,1,0,0,0,0,0,0,1,0,0,0,0,1,0,1227,0,1,0,0,10,15,18405,1656.45,16748.55,12270,4478.55,10/1/2014,Wednesday,0,0,0,1,10,2014,1,0,1,0,0.27,0.09,0.37
0,0,1,0,0,0,0,0,1,0,0,0,0,1,0,0,0,0,1,0,367,1,0,0,0,10,12,4404,396.36,4007.64,1101,2906.64,10/1/2013,Tuesday,0,0,0,1,10,2013,0,1,1,0,0.73,0.09,2.64
0,0,0,0,1,0,1,0,0,0,0,0,0,1,0,0,0,0,1,0,1324,0,1,0,0,10,300,397200,35748,361452,331000,30452,11/1/2014,Saturday,0,0,0,1,11,2014,1,0,0,1,0.08,0.09,0.09
0,0,1,0,0,0,0,1,0,0,0,0,0,1,0,0,0,0,1,0,1775,0,0,1,0,10,12,21300,1917,19383,5325,14058,11/1/2013,Friday,0,0,0,1,11,2013,0,1,1,0,0.73,0.09,2.64
0,1,0,0,0,0,0,0,0,1,0,0,0,1,0,0,0,0,1,0,2797,0,0,0,1,10,125,349625,31466.25,318158.75,335640,-17481.25,12/1/2014,Monday,1,0,0,0,12,2014,1,0,1,0,-0.05,0.09,-0.05
0,0,0,1,0,0,0,0,1,0,0,0,0,0,1,0,0,0,1,0,245,1,0,0,0,120,15,3675,330.75,3344.25,2450,894.25,5/1/2014,Thursday,0,1,0,0,5,2014,1,0,1,0,0.27,0.09,0.37
0,1,0,0,0,1,0,0,0,0,0,0,0,0,1,0,0,0,1,0,567,0,1,0,0,120,125,70875,6378.75,64496.25,68040,-3543.75,9/1/2014,Monday,0,0,0,1,9,2014,1,0,1,0,-0.05,0.09,-0.05
0,1,0,0,0,0,0,0,1,0,0,0,0,0,1,0,0,0,1,0,2110,0,0,1,0,120,125,263750,23737.5,240012.5,253200,-13187.5,9/1/2014,Monday,0,0,0,1,9,2014,1,0,1,0,-0.05,0.09,-0.05
0,0,1,0,0,0,0,0,0,1,0,0,0,0,0,1,0,0,1,0,1956,0,0,1,0,250,12,23472,2112.48,21359.52,5868,15491.52,1/1/2014,Wednesday,1,0,0,0,1,2014,1,0,1,0,0.73,0.09,2.64
0,0,1,0,0,0,0,1,0,0,0,0,0,0,0,1,0,0,1,0,880,0,1,0,0,250,12,10560,950.4,9609.6,2640,6969.6,5/1/2014,Thursday,0,1,0,0,5,2014,1,0,1,0,0.73,0.09,2.64
0,0,0,0,1,0,0,0,0,1,0,0,0,0,0,1,0,0,1,0,1867,0,0,1,0,250,300,560100,50409,509691,466750,42941,9/1/2014,Monday,0,0,0,1,9,2014,1,0,1,0,0.08,0.09,0.09
0,0,1,0,0,0,1,0,0,0,0,0,0,0,0,1,0,0,1,0,2234,0,0,1,0,250,12,26808,2412.72,24395.28,6702,17693.28,9/1/2013,Sunday,0,0,0,1,9,2013,0,1,0,1,0.73,0.09,2.64
0,0,0,1,0,0,1,0,0,0,0,0,0,0,0,1,0,0,1,0,1227,0,1,0,0,250,15,18405,1656.45,16748.55,12270,4478.55,10/1/2014,Wednesday,0,0,0,1,10,2014,1,0,1,0,0.27,0.09,0.37
0,1,0,0,0,0,0,0,1,0,0,0,0,0,0,1,0,0,1,0,877,0,1,0,0,250,125,109625,9866.25,99758.75,105240,-5481.25,11/1/2014,Saturday,0,0,0,1,11,2014,1,0,0,1,-0.05,0.09,-0.05
0,0,0,1,0,0,0,1,0,0,0,0,1,0,0,0,0,0,1,0,970,0,1,0,0,260,15,14550,1309.5,13240.5,9700,3540.5,11/1/2013,Friday,0,0,0,1,11,2013,0,1,1,0,0.27,0.09,0.37
1,0,0,0,0,0,0,0,1,0,0,0,1,0,0,0,0,0,1,0,1694,0,0,1,0,260,20,33880,3049.2,30830.8,16940,13890.8,11/1/2014,Saturday,0,0,0,1,11,2014,1,0,0,1,0.45,0.09,0.82
1,0,0,0,0,0,0,1,0,0,1,0,0,0,0,0,0,0,1,0,663,0,1,0,0,3,20,13260,1193.4,12066.6,6630,5436.6,5/1/2014,Thursday,0,1,0,0,5,2014,1,0,1,0,0.45,0.09,0.82
1,0,0,0,0,1,0,0,0,0,1,0,0,0,0,0,0,0,1,0,819,0,1,0,0,3,7,5733,515.97,5217.03,4095,1122.03,7/1/2014,Tuesday,0,0,1,0,7,2014,1,0,1,0,0.22,0.09,0.27
0,0,1,0,0,0,0,1,0,0,1,0,0,0,0,0,0,0,1,0,1580,0,0,1,0,3,12,18960,1706.4,17253.6,4740,12513.6,9/1/2014,Monday,0,0,0,1,9,2014,1,0,1,0,0.73,0.09,2.64
1,0,0,0,0,0,0,0,1,0,1,0,0,0,0,0,0,0,1,0,521,0,1,0,0,3,7,3647,328.23,3318.77,2605,713.77,12/1/2014,Monday,1,0,0,0,12,2014,1,0,1,0,0.22,0.09,0.27
1,0,0,0,0,0,0,0,0,1,0,0,0,1,0,0,0,0,1,0,973,0,1,0,0,10,20,19460,1751.4,17708.6,9730,7978.6,3/1/2014,Saturday,0,1,0,0,3,2014,1,0,0,1,0.45,0.09,0.82
1,0,0,0,0,0,0,0,1,0,0,0,0,1,0,0,0,0,1,0,1038,0,1,0,0,10,20,20760,1868.4,18891.6,10380,8511.6,6/1/2014,Sunday,0,0,1,0,6,2014,1,0,0,1,0.45,0.09,0.82
1,0,0,0,0,0,0,1,0,0,0,0,0,1,0,0,0,0,1,0,360,1,0,0,0,10,7,2520,226.8,2293.2,1800,493.2,10/1/2014,Wednesday,0,0,0,1,10,2014,1,0,1,0,0.22,0.09,0.27
0,0,1,0,0,0,1,0,0,0,0,0,0,0,1,0,0,0,1,0,1967,0,0,1,0,120,12,23604,2124.36,21479.64,5901,15578.64,3/1/2014,Saturday,0,1,0,0,3,2014,1,0,0,1,0.73,0.09,2.64
0,0,0,1,0,0,0,0,1,0,0,0,0,0,1,0,0,0,1,0,2628,0,0,0,1,120,15,39420,3547.8,35872.2,26280,9592.2,4/1/2014,Tuesday,0,1,0,0,4,2014,1,0,1,0,0.27,0.09,0.37
1,0,0,0,0,0,0,1,0,0,0,0,0,0,0,1,0,0,1,0,360,1,0,0,0,250,7,2520,226.8,2293.2,1800,493.2,10/1/2014,Wednesday,0,0,0,1,10,2014,1,0,1,0,0.22,0.09,0.27
1,0,0,0,0,0,1,0,0,0,0,0,0,0,0,1,0,0,1,0,2682,0,0,0,1,250,20,53640,4827.6,48812.4,26820,21992.4,11/1/2013,Friday,0,0,0,1,11,2013,0,1,1,0,0.45,0.09,0.82
1,0,0,0,0,0,0,0,1,0,0,0,0,0,0,1,0,0,1,0,521,0,1,0,0,250,7,3647,328.23,3318.77,2605,713.77,12/1/2014,Monday,1,0,0,0,12,2014,1,0,1,0,0.22,0.09,0.27
1,0,0,0,0,0,0,0,1,0,0,0,1,0,0,0,0,0,1,0,1038,0,1,0,0,260,20,20760,1868.4,18891.6,10380,8511.6,6/1/2014,Sunday,0,0,1,0,6,2014,1,0,0,1,0.45,0.09,0.82
0,0,0,1,0,1,0,0,0,0,0,0,1,0,0,0,0,0,1,0,1630.5,0,0,1,0,260,15,24457.5,2201.18,22256.33,16305,5951.33,7/1/2014,Tuesday,0,0,1,0,7,2014,1,0,1,0,0.27,0.09,0.37
0,0,1,0,0,0,1,0,0,0,0,0,1,0,0,0,0,0,1,0,306,1,0,0,0,260,12,3672,330.48,3341.52,918,2423.52,12/1/2013,Sunday,1,0,0,0,12,2013,0,1,0,1,0.73,0.09,2.64
0,0,1,0,0,0,0,0,0,1,1,0,0,0,0,0,0,0,0,1,386,1,0,0,0,3,12,4632,463.2,4168.8,1158,3010.8,10/1/2013,Tuesday,0,0,0,1,10,2013,0,1,1,0,0.72,0.10,2.60
1,0,0,0,0,0,0,0,0,1,0,1,0,0,0,0,0,0,0,1,2328,0,0,1,0,5,7,16296,1629.6,14666.4,11640,3026.4,9/1/2014,Monday,0,0,0,1,9,2014,1,0,1,0,0.21,0.10,0.26
0,0,1,0,0,0,0,0,0,1,0,0,0,1,0,0,0,0,0,1,386,1,0,0,0,10,12,4632,463.2,4168.8,1158,3010.8,10/1/2013,Tuesday,0,0,0,1,10,2013,0,1,1,0,0.72,0.10,2.60
0,1,0,0,0,0,0,0,0,1,1,0,0,0,0,0,0,0,0,1,3445.5,0,0,0,1,3,125,430687.5,43068.75,387618.75,413460,-25841.25,4/1/2014,Tuesday,0,1,0,0,4,2014,1,0,1,0,-0.07,0.10,-0.06
0,1,0,0,0,0,1,0,0,0,1,0,0,0,0,0,0,0,0,1,1482,0,1,0,0,3,125,185250,18525,166725,177840,-11115,12/1/2013,Sunday,1,0,0,0,12,2013,0,1,0,1,-0.07,0.10,-0.06
0,1,0,0,0,0,0,0,0,1,0,1,0,0,0,0,0,0,0,1,1804,0,0,1,0,5,125,225500,22550,202950,216480,-13530,11/1/2013,Friday,0,0,0,1,11,2013,0,1,1,0,-0.07,0.10,-0.06
0,0,0,1,0,0,1,0,0,0,0,1,0,0,0,0,0,0,0,1,2072,0,0,1,0,5,15,31080,3108,27972,20720,7252,12/1/2014,Monday,1,0,0,0,12,2014,1,0,1,0,0.26,0.10,0.35
1,0,0,0,0,0,1,0,0,0,0,0,0,1,0,0,0,0,0,1,1954,0,0,1,0,10,20,39080,3908,35172,19540,15632,3/1/2014,Saturday,0,1,0,0,3,2014,1,0,0,1,0.44,0.10,0.80
0,0,0,0,1,0,0,0,1,0,0,0,0,1,0,0,0,0,0,1,591,0,1,0,0,10,300,177300,17730,159570,147750,11820,5/1/2014,Thursday,0,1,0,0,5,2014,1,0,1,0,0.07,0.10,0.08
0,0,0,1,0,0,1,0,0,0,0,0,0,1,0,0,0,0,0,1,2167,0,0,1,0,10,15,32505,3250.5,29254.5,21670,7584.5,10/1/2013,Tuesday,0,0,0,1,10,2013,0,1,1,0,0.26,0.10,0.35
1,0,0,0,0,0,0,1,0,0,0,0,0,1,0,0,0,0,0,1,241,1,0,0,0,10,20,4820,482,4338,2410,1928,10/1/2014,Wednesday,0,0,0,1,10,2014,1,0,1,0,0.44,0.10,0.80
0,0,0,1,0,0,0,1,0,0,0,0,0,0,1,0,0,0,0,1,681,0,1,0,0,120,15,10215,1021.5,9193.5,6810,2383.5,1/1/2014,Wednesday,1,0,0,0,1,2014,1,0,1,0,0.26,0.10,0.35
0,0,0,1,0,0,0,1,0,0,0,0,0,0,1,0,0,0,0,1,510,0,1,0,0,120,15,7650,765,6885,5100,1785,4/1/2014,Tuesday,0,1,0,0,4,2014,1,0,1,0,0.26,0.10,0.35
0,0,0,1,0,0,0,0,0,1,0,0,0,0,1,0,0,0,0,1,790,0,1,0,0,120,15,11850,1185,10665,7900,2765,5/1/2014,Thursday,0,1,0,0,5,2014,1,0,1,0,0.26,0.10,0.35
1,0,0,0,0,0,1,0,0,0,0,0,0,0,1,0,0,0,0,1,639,0,1,0,0,120,350,223650,22365,201285,166140,35145,7/1/2014,Tuesday,0,0,1,0,7,2014,1,0,1,0,0.17,0.10,0.21
0,1,0,0,0,0,0,0,0,1,0,0,0,0,1,0,0,0,0,1,1596,0,0,1,0,120,125,199500,19950,179550,191520,-11970,9/1/2014,Monday,0,0,0,1,9,2014,1,0,1,0,-0.07,0.10,-0.06
0,0,0,0,1,0,0,0,0,1,0,0,0,0,1,0,0,0,0,1,2294,0,0,1,0,120,300,688200,68820,619380,573500,45880,10/1/2013,Tuesday,0,0,0,1,10,2013,0,1,1,0,0.07,0.10,0.08
1,0,0,0,0,0,0,1,0,0,0,0,0,0,1,0,0,0,0,1,241,1,0,0,0,120,20,4820,482,4338,2410,1928,10/1/2014,Wednesday,0,0,0,1,10,2014,1,0,1,0,0.44,0.10,0.80
1,0,0,0,0,0,0,1,0,0,0,0,0,0,1,0,0,0,0,1,2665,0,0,0,1,120,7,18655,1865.5,16789.5,13325,3464.5,11/1/2014,Saturday,0,0,0,1,11,2014,1,0,0,1,0.21,0.10,0.26
0,1,0,0,0,1,0,0,0,0,0,0,0,0,1,0,0,0,0,1,1916,0,0,1,0,120,125,239500,23950,215550,229920,-14370,12/1/2013,Sunday,1,0,0,0,12,2013,0,1,0,1,-0.07,0.10,-0.06
0,0,0,0,1,0,1,0,0,0,0,0,0,0,1,0,0,0,0,1,853,0,1,0,0,120,300,255900,25590,230310,213250,17060,12/1/2014,Monday,1,0,0,0,12,2014,1,0,1,0,0.07,0.10,0.08
0,1,0,0,0,0,0,0,1,0,0,0,0,0,0,1,0,0,0,1,341,1,0,0,0,250,125,42625,4262.5,38362.5,40920,-2557.5,5/1/2014,Thursday,0,1,0,0,5,2014,1,0,1,0,-0.07,0.10,-0.06
0,0,0,1,0,0,0,0,1,0,0,0,0,0,0,1,0,0,0,1,641,0,1,0,0,250,15,9615,961.5,8653.5,6410,2243.5,7/1/2014,Tuesday,0,0,1,0,7,2014,1,0,1,0,0.26,0.10,0.35
0,0,0,0,1,0,0,0,1,0,0,0,0,0,0,1,0,0,0,1,432,1,0,0,0,250,300,129600,12960,116640,108000,8640,9/1/2014,Monday,0,0,0,1,9,2014,1,0,1,0,0.07,0.10,0.08
0,0,0,0,1,0,0,0,0,1,0,0,0,0,0,1,0,0,0,1,2294,0,0,1,0,250,300,688200,68820,619380,573500,45880,10/1/2013,Tuesday,0,0,0,1,10,2013,0,1,1,0,0.07,0.10,0.08
0,0,0,1,0,0,1,0,0,0,0,0,0,0,0,1,0,0,0,1,2167,0,0,1,0,250,15,32505,3250.5,29254.5,21670,7584.5,10/1/2013,Tuesday,0,0,0,1,10,2013,0,1,1,0,0.26,0.10,0.35
0,1,0,0,0,1,0,0,0,0,0,0,0,0,0,1,0,0,0,1,2529,0,0,0,1,250,125,316125,31612.5,284512.5,303480,-18967.5,11/1/2014,Saturday,0,0,0,1,11,2014,1,0,0,1,-0.07,0.10,-0.06
0,1,0,0,0,0,0,0,0,1,0,0,1,0,0,0,0,0,0,1,579,0,1,0,0,260,125,72375,7237.5,65137.5,69480,-4342.5,1/1/2014,Wednesday,1,0,0,0,1,2014,1,0,1,0,-0.07,0.10,-0.06
0,0,1,0,0,1,0,0,0,0,0,0,1,0,0,0,0,0,0,1,3520.5,0,0,0,1,260,12,42246,4224.6,38021.4,10561.5,27459.9,4/1/2014,Tuesday,0,1,0,0,4,2014,1,0,1,0,0.72,0.10,2.60
1,0,0,0,0,0,0,0,1,0,0,0,1,0,0,0,0,0,0,1,2039,0,0,1,0,260,20,40780,4078,36702,20390,16312,5/1/2014,Thursday,0,1,0,0,5,2014,1,0,1,0,0.44,0.10,0.80
0,0,1,0,0,0,0,1,0,0,0,0,1,0,0,0,0,0,0,1,2574,0,0,0,1,260,12,30888,3088.8,27799.2,7722,20077.2,8/1/2014,Friday,0,0,1,0,8,2014,1,0,1,0,0.72,0.10,2.60
1,0,0,0,0,1,0,0,0,0,0,0,1,0,0,0,0,0,0,1,707,0,1,0,0,260,350,247450,24745,222705,183820,38885,9/1/2014,Monday,0,0,0,1,9,2014,1,0,1,0,0.17,0.10,0.21
0,0,0,1,0,0,1,0,0,0,0,0,1,0,0,0,0,0,0,1,2072,0,0,1,0,260,15,31080,3108,27972,20720,7252,12/1/2014,Monday,1,0,0,0,12,2014,1,0,1,0,0.26,0.10,0.35
0,0,0,0,1,0,1,0,0,0,0,0,1,0,0,0,0,0,0,1,853,0,1,0,0,260,300,255900,25590,230310,213250,17060,12/1/2014,Monday,1,0,0,0,12,2014,1,0,1,0,0.07,0.10,0.08
0,0,1,0,0,0,1,0,0,0,1,0,0,0,0,0,0,0,0,1,1198,0,1,0,0,3,12,14376,1581.36,12794.64,3594,9200.64,10/1/2013,Tuesday,0,0,0,1,10,2013,0,1,1,0,0.72,0.11,2.56
1,0,0,0,0,0,1,0,0,0,0,0,0,1,0,0,0,0,0,1,2532,0,0,0,1,10,7,17724,1949.64,15774.36,12660,3114.36,4/1/2014,Tuesday,0,1,0,0,4,2014,1,0,1,0,0.20,0.11,0.25
0,0,1,0,0,0,1,0,0,0,0,0,0,1,0,0,0,0,0,1,1198,0,1,0,0,10,12,14376,1581.36,12794.64,3594,9200.64,10/1/2013,Tuesday,0,0,0,1,10,2013,0,1,1,0,0.72,0.11,2.56
0,0,0,1,0,1,0,0,0,0,0,0,0,0,1,0,0,0,0,1,384,1,0,0,0,120,15,5760,633.6,5126.4,3840,1286.4,1/1/2014,Wednesday,1,0,0,0,1,2014,1,0,1,0,0.25,0.11,0.34
0,0,1,0,0,0,0,1,0,0,0,0,0,0,1,0,0,0,0,1,472,1,0,0,0,120,12,5664,623.04,5040.96,1416,3624.96,10/1/2014,Wednesday,0,0,0,1,10,2014,1,0,1,0,0.72,0.11,2.56
1,0,0,0,0,0,0,0,0,1,0,0,0,0,0,1,0,0,0,1,1579,0,0,1,0,250,7,11053,1215.83,9837.17,7895,1942.17,3/1/2014,Saturday,0,1,0,0,3,2014,1,0,0,1,0.20,0.11,0.25
0,0,1,0,0,0,0,0,1,0,0,0,0,0,0,1,0,0,0,1,1005,0,1,0,0,250,12,12060,1326.6,10733.4,3015,7718.4,9/1/2013,Sunday,0,0,0,1,9,2013,0,1,0,1,0.72,0.11,2.56
0,0,0,1,0,0,0,0,0,1,0,0,1,0,0,0,0,0,0,1,3199.5,0,0,0,1,260,15,47992.5,5279.18,42713.33,31995,10718.33,7/1/2014,Tuesday,0,0,1,0,7,2014,1,0,1,0,0.25,0.11,0.34
0,0,1,0,0,0,0,1,0,0,0,0,1,0,0,0,0,0,0,1,472,1,0,0,0,260,12,5664,623.04,5040.96,1416,3624.96,10/1/2014,Wednesday,0,0,0,1,10,2014,1,0,1,0,0.72,0.11,2.56
0,0,1,0,0,1,0,0,0,0,1,0,0,0,0,0,0,0,0,1,1937,0,0,1,0,3,12,23244,2556.84,20687.16,5811,14876.16,2/1/2014,Saturday,1,0,0,0,2,2014,1,0,0,1,0.72,0.11,2.56
1,0,0,0,0,0,0,1,0,0,1,0,0,0,0,0,0,0,0,1,792,0,1,0,0,3,350,277200,30492,246708,205920,40788,3/1/2014,Saturday,0,1,0,0,3,2014,1,0,0,1,0.17,0.11,0.20
0,0,0,0,1,0,0,1,0,0,1,0,0,0,0,0,0,0,0,1,2811,0,0,0,1,3,300,843300,92763,750537,702750,47787,7/1/2014,Tuesday,0,0,1,0,7,2014,1,0,1,0,0.06,0.11,0.07
0,1,0,0,0,0,1,0,0,0,1,0,0,0,0,0,0,0,0,1,2441,0,0,1,0,3,125,305125,33563.75,271561.25,292920,-21358.75,10/1/2014,Wednesday,0,0,0,1,10,2014,1,0,1,0,-0.08,0.11,-0.07
0,0,0,1,0,1,0,0,0,0,1,0,0,0,0,0,0,0,0,1,1560,0,0,1,0,3,15,23400,2574,20826,15600,5226,11/1/2013,Friday,0,0,0,1,11,2013,0,1,1,0,0.25,0.11,0.34
1,0,0,0,0,0,0,0,1,0,1,0,0,0,0,0,0,0,0,1,2706,0,0,0,1,3,7,18942,2083.62,16858.38,13530,3328.38,11/1/2013,Friday,0,0,0,1,11,2013,0,1,1,0,0.20,0.11,0.25
1,0,0,0,0,0,0,1,0,0,0,1,0,0,0,0,0,0,0,1,766,0,1,0,0,5,350,268100,29491,238609,199160,39449,1/1/2014,Wednesday,1,0,0,0,1,2014,1,0,1,0,0.17,0.11,0.20
1,0,0,0,0,0,0,1,0,0,0,1,0,0,0,0,0,0,0,1,2992,0,0,0,1,5,20,59840,6582.4,53257.6,29920,23337.6,10/1/2013,Tuesday,0,0,0,1,10,2013,0,1,1,0,0.44,0.11,0.78
0,0,0,1,0,0,0,0,1,0,0,1,0,0,0,0,0,0,0,1,2157,0,0,1,0,5,15,32355,3559.05,28795.95,21570,7225.95,12/1/2014,Monday,1,0,0,0,12,2014,1,0,1,0,0.25,0.11,0.34
0,0,0,0,1,1,0,0,0,0,0,0,0,1,0,0,0,0,0,1,873,0,1,0,0,10,300,261900,28809,233091,218250,14841,1/1/2014,Wednesday,1,0,0,0,1,2014,1,0,1,0,0.06,0.11,0.07
1,0,0,0,0,0,0,0,1,0,0,0,0,1,0,0,0,0,0,1,1122,0,1,0,0,10,20,22440,2468.4,19971.6,11220,8751.6,3/1/2014,Saturday,0,1,0,0,3,2014,1,0,0,1,0.44,0.11,0.78
0,0,1,0,0,1,0,0,0,0,0,0,0,1,0,0,0,0,0,1,4026,0,0,0,1,10,12,48312,5314.32,42997.68,12078,30919.68,7/1/2014,Tuesday,0,0,1,0,7,2014,1,0,1,0,0.72,0.11,2.56
0,0,1,0,0,0,1,0,0,0,0,0,0,1,0,0,0,0,0,1,2425.5,0,0,1,0,10,12,29106,3201.66,25904.34,7276.5,18627.84,7/1/2014,Tuesday,0,0,1,0,7,2014,1,0,1,0,0.72,0.11,2.56
1,0,0,0,0,1,0,0,0,0,0,0,0,1,0,0,0,0,0,1,2394,0,0,1,0,10,20,47880,5266.8,42613.2,23940,18673.2,8/1/2014,Friday,0,0,1,0,8,2014,1,0,1,0,0.44,0.11,0.78
0,0,0,1,0,0,0,0,1,0,0,0,0,1,0,0,0,0,0,1,1984,0,0,1,0,10,15,29760,3273.6,26486.4,19840,6646.4,8/1/2014,Friday,0,0,1,0,8,2014,1,0,1,0,0.25,0.11,0.34
0,1,0,0,0,0,1,0,0,0,0,0,0,1,0,0,0,0,0,1,2441,0,0,1,0,10,125,305125,33563.75,271561.25,292920,-21358.75,10/1/2014,Wednesday,0,0,0,1,10,2014,1,0,1,0,-0.08,0.11,-0.07
1,0,0,0,0,0,0,1,0,0,0,0,0,1,0,0,0,0,0,1,2992,0,0,0,1,10,20,59840,6582.4,53257.6,29920,23337.6,10/1/2013,Tuesday,0,0,0,1,10,2013,0,1,1,0,0.44,0.11,0.78
0,0,0,0,1,1,0,0,0,0,0,0,0,1,0,0,0,0,0,1,1366,0,1,0,0,10,300,409800,45078,364722,341500,23222,11/1/2014,Saturday,0,0,0,1,11,2014,1,0,0,1,0.06,0.11,0.07
1,0,0,0,0,0,1,0,0,0,0,0,0,0,1,0,0,0,0,1,2805,0,0,0,1,120,20,56100,6171,49929,28050,21879,9/1/2013,Sunday,0,0,0,1,9,2013,0,1,0,1,0.44,0.11,0.78
0,0,0,1,0,0,0,0,1,0,0,0,0,0,1,0,0,0,0,1,655,0,1,0,0,120,15,9825,1080.75,8744.25,6550,2194.25,9/1/2013,Sunday,0,0,0,1,9,2013,0,1,0,1,0.25,0.11,0.34
1,0,0,0,0,0,0,0,1,0,0,0,0,0,1,0,0,0,0,1,344,1,0,0,0,120,350,120400,13244,107156,89440,17716,10/1/2013,Tuesday,0,0,0,1,10,2013,0,1,1,0,0.17,0.11,0.20
1,0,0,0,0,1,0,0,0,0,0,0,0,0,1,0,0,0,0,1,1808,0,0,1,0,120,7,12656,1392.16,11263.84,9040,2223.84,11/1/2014,Saturday,0,0,0,1,11,2014,1,0,0,1,0.20,0.11,0.25
0,0,1,0,0,0,1,0,0,0,0,0,0,0,0,1,0,0,0,1,1734,0,0,1,0,250,12,20808,2288.88,18519.12,5202,13317.12,1/1/2014,Wednesday,1,0,0,0,1,2014,1,0,1,0,0.72,0.11,2.56
0,1,0,0,0,0,0,0,1,0,0,0,0,0,0,1,0,0,0,1,554,0,1,0,0,250,125,69250,7617.5,61632.5,66480,-4847.5,1/1/2014,Wednesday,1,0,0,0,1,2014,1,0,1,0,-0.08,0.11,-0.07
1,0,0,0,0,1,0,0,0,0,0,0,0,0,0,1,0,0,0,1,2935,0,0,0,1,250,20,58700,6457,52243,29350,22893,11/1/2013,Friday,0,0,0,1,11,2013,0,1,1,0,0.44,0.11,0.78
1,0,0,0,0,0,0,0,1,0,0,0,1,0,0,0,0,0,0,1,2629,0,0,0,1,260,20,52580,5783.8,46796.2,26290,20506.2,1/1/2014,Wednesday,1,0,0,0,1,2014,1,0,1,0,0.44,0.11,0.78
0,1,0,0,0,0,1,0,0,0,0,0,1,0,0,0,0,0,0,1,1433,0,1,0,0,260,125,179125,19703.75,159421.25,171960,-12538.75,5/1/2014,Thursday,0,1,0,0,5,2014,1,0,1,0,-0.08,0.11,-0.07
0,1,0,0,0,0,0,0,1,0,0,0,1,0,0,0,0,0,0,1,947,0,1,0,0,260,125,118375,13021.25,105353.75,113640,-8286.25,9/1/2013,Sunday,0,0,0,1,9,2013,0,1,0,1,-0.08,0.11,-0.07
1,0,0,0,0,0,0,0,1,0,0,0,1,0,0,0,0,0,0,1,344,1,0,0,0,260,350,120400,13244,107156,89440,17716,10/1/2013,Tuesday,0,0,0,1,10,2013,0,1,1,0,0.17,0.11,0.20
0,0,0,1,0,0,0,0,1,0,0,0,1,0,0,0,0,0,0,1,2157,0,0,1,0,260,15,32355,3559.05,28795.95,21570,7225.95,12/1/2014,Monday,1,0,0,0,12,2014,1,0,1,0,0.25,0.11,0.34
1,0,0,0,0,0,0,0,0,1,0,0,0,1,0,0,0,0,0,1,380,1,0,0,0,10,7,2660,292.6,2367.4,1900,467.4,9/1/2013,Sunday,0,0,0,1,9,2013,0,1,0,1,0.20,0.11,0.25
1,0,0,0,0,0,0,0,1,0,1,0,0,0,0,0,0,0,0,1,886,0,1,0,0,3,350,310100,37212,272888,230360,42528,6/1/2014,Sunday,0,0,1,0,6,2014,1,0,0,1,0.16,0.12,0.18
0,1,0,0,0,1,0,0,0,0,1,0,0,0,0,0,0,0,0,1,2416,0,0,1,0,3,125,302000,36240,265760,289920,-24160,9/1/2013,Sunday,0,0,0,1,9,2013,0,1,0,1,-0.09,0.12,-0.08
0,1,0,0,0,0,0,0,1,0,1,0,0,0,0,0,0,0,0,1,2156,0,0,1,0,3,125,269500,32340,237160,258720,-21560,10/1/2014,Wednesday,0,0,0,1,10,2014,1,0,1,0,-0.09,0.12,-0.08
0,0,0,1,0,1,0,0,0,0,1,0,0,0,0,0,0,0,0,1,2689,0,0,0,1,3,15,40335,4840.2,35494.8,26890,8604.8,11/1/2014,Saturday,0,0,0,1,11,2014,1,0,0,1,0.24,0.12,0.32
0,0,0,1,0,0,0,0,0,1,0,1,0,0,0,0,0,0,0,1,677,0,1,0,0,5,15,10155,1218.6,8936.4,6770,2166.4,3/1/2014,Saturday,0,1,0,0,3,2014,1,0,0,1,0.24,0.12,0.32
0,0,0,0,1,0,1,0,0,0,0,1,0,0,0,0,0,0,0,1,1773,0,0,1,0,5,300,531900,63828,468072,443250,24822,4/1/2014,Tuesday,0,1,0,0,4,2014,1,0,1,0,0.05,0.12,0.06
1,0,0,0,0,0,0,0,1,0,0,1,0,0,0,0,0,0,0,1,2420,0,0,1,0,5,7,16940,2032.8,14907.2,12100,2807.2,9/1/2014,Monday,0,0,0,1,9,2014,1,0,1,0,0.19,0.12,0.23
1,0,0,0,0,1,0,0,0,0,0,1,0,0,0,0,0,0,0,1,2734,0,0,0,1,5,7,19138,2296.56,16841.44,13670,3171.44,10/1/2014,Wednesday,0,0,0,1,10,2014,1,0,1,0,0.19,0.12,0.23
1,0,0,0,0,0,0,0,1,0,0,1,0,0,0,0,0,0,0,1,1715,0,0,1,0,5,20,34300,4116,30184,17150,13034,10/1/2013,Tuesday,0,0,0,1,10,2013,0,1,1,0,0.43,0.12,0.76
0,0,0,0,1,0,1,0,0,0,0,1,0,0,0,0,0,0,0,1,1186,0,1,0,0,5,300,355800,42696,313104,296500,16604,12/1/2013,Sunday,1,0,0,0,12,2013,0,1,0,1,0.05,0.12,0.06
0,0,0,0,1,0,0,0,0,1,0,0,0,1,0,0,0,0,0,1,3495,0,0,0,1,10,300,1048500,125820,922680,873750,48930,1/1/2014,Wednesday,1,0,0,0,1,2014,1,0,1,0,0.05,0.12,0.06
1,0,0,0,0,0,0,0,1,0,0,0,0,1,0,0,0,0,0,1,886,0,1,0,0,10,350,310100,37212,272888,230360,42528,6/1/2014,Sunday,0,0,1,0,6,2014,1,0,0,1,0.16,0.12,0.18
0,1,0,0,0,0,0,0,1,0,0,0,0,1,0,0,0,0,0,1,2156,0,0,1,0,10,125,269500,32340,237160,258720,-21560,10/1/2014,Wednesday,0,0,0,1,10,2014,1,0,1,0,-0.09,0.12,-0.08
1,0,0,0,0,0,0,0,1,0,0,0,0,1,0,0,0,0,0,1,905,0,1,0,0,10,20,18100,2172,15928,9050,6878,10/1/2014,Wednesday,0,0,0,1,10,2014,1,0,1,0,0.43,0.12,0.76
1,0,0,0,0,0,0,0,1,0,0,0,0,1,0,0,0,0,0,1,1715,0,0,1,0,10,20,34300,4116,30184,17150,13034,10/1/2013,Tuesday,0,0,0,1,10,2013,0,1,1,0,0.43,0.12,0.76
0,0,0,0,1,0,0,1,0,0,0,0,0,1,0,0,0,0,0,1,1359,0,1,0,0,10,300,407700,48924,358776,339750,19026,11/1/2014,Saturday,0,0,0,1,11,2014,1,0,0,1,0.05,0.12,0.06
0,0,0,0,1,0,0,0,1,0,0,0,0,1,0,0,0,0,0,1,2150,0,0,1,0,10,300,645000,77400,567600,537500,30100,11/1/2014,Saturday,0,0,0,1,11,2014,1,0,0,1,0.05,0.12,0.06
0,0,0,1,0,0,0,0,1,0,0,0,0,1,0,0,0,0,0,1,380,1,0,0,0,10,15,5700,684,5016,3800,1216,12/1/2013,Sunday,1,0,0,0,12,2013,0,1,0,1,0.24,0.12,0.32
1,0,0,0,0,0,0,0,1,0,0,0,0,1,0,0,0,0,0,1,1233,0,1,0,0,10,20,24660,2959.2,21700.8,12330,9370.8,12/1/2014,Monday,1,0,0,0,12,2014,1,0,1,0,0.43,0.12,0.76
1,0,0,0,0,0,0,0,0,1,0,0,0,0,1,0,0,0,0,1,986,0,1,0,0,120,350,345100,41412,303688,256360,47328,10/1/2014,Wednesday,0,0,0,1,10,2014,1,0,1,0,0.16,0.12,0.18
1,0,0,0,0,0,0,0,1,0,0,0,0,0,1,0,0,0,0,1,905,0,1,0,0,120,20,18100,2172,15928,9050,6878,10/1/2014,Wednesday,0,0,0,1,10,2014,1,0,1,0,0.43,0.12,0.76
0,0,1,0,0,1,0,0,0,0,0,0,0,0,0,1,0,0,0,1,2109,0,0,1,0,250,12,25308,3036.96,22271.04,6327,15944.04,5/1/2014,Thursday,0,1,0,0,5,2014,1,0,1,0,0.72,0.12,2.52
0,0,0,1,0,0,1,0,0,0,0,0,0,0,0,1,0,0,0,1,3874.5,0,0,0,1,250,15,58117.5,6974.1,51143.4,38745,12398.4,7/1/2014,Tuesday,0,0,1,0,7,2014,1,0,1,0,0.24,0.12,0.32
1,0,0,0,0,1,0,0,0,0,0,0,0,0,0,1,0,0,0,1,623,0,1,0,0,250,350,218050,26166,191884,161980,29904,9/1/2013,Sunday,0,0,0,1,9,2013,0,1,0,1,0.16,0.12,0.18
1,0,0,0,0,0,0,0,0,1,0,0,0,0,0,1,0,0,0,1,986,0,1,0,0,250,350,345100,41412,303688,256360,47328,10/1/2014,Wednesday,0,0,0,1,10,2014,1,0,1,0,0.16,0.12,0.18
0,1,0,0,0,0,0,0,0,1,0,0,0,0,0,1,0,0,0,1,2387,0,0,1,0,250,125,298375,35805,262570,286440,-23870,11/1/2014,Saturday,0,0,0,1,11,2014,1,0,0,1,-0.09,0.12,-0.08
1,0,0,0,0,0,0,0,1,0,0,0,0,0,0,1,0,0,0,1,1233,0,1,0,0,250,20,24660,2959.2,21700.8,12330,9370.8,12/1/2014,Monday,1,0,0,0,12,2014,1,0,1,0,0.43,0.12,0.76
1,0,0,0,0,0,0,0,0,1,0,0,1,0,0,0,0,0,0,1,270,1,0,0,0,260,350,94500,11340,83160,70200,12960,2/1/2014,Saturday,1,0,0,0,2,2014,1,0,0,1,0.16,0.12,0.18
1,0,0,0,0,0,1,0,0,0,0,0,1,0,0,0,0,0,0,1,3421.5,0,0,0,1,260,7,23950.5,2874.06,21076.44,17107.5,3968.94,7/1/2014,Tuesday,0,0,1,0,7,2014,1,0,1,0,0.19,0.12,0.23
1,0,0,0,0,1,0,0,0,0,0,0,1,0,0,0,0,0,0,1,2734,0,0,0,1,260,7,19138,2296.56,16841.44,13670,3171.44,10/1/2014,Wednesday,0,0,0,1,10,2014,1,0,1,0,0.19,0.12,0.23
0,0,0,1,0,0,0,0,0,1,0,0,1,0,0,0,0,0,0,1,2548,0,0,0,1,260,15,38220,4586.4,33633.6,25480,8153.6,11/1/2013,Friday,0,0,0,1,11,2013,0,1,1,0,0.24,0.12,0.32
1,0,0,0,0,0,1,0,0,0,1,0,0,0,0,0,0,0,0,1,2521.5,0,0,0,1,3,20,50430,6051.6,44378.4,25215,19163.4,1/1/2014,Wednesday,1,0,0,0,1,2014,1,0,1,0,0.43,0.12,0.76
0,0,1,0,0,0,0,0,1,0,0,1,0,0,0,0,0,0,0,1,2661,0,0,0,1,5,12,31932,3831.84,28100.16,7983,20117.16,5/1/2014,Thursday,0,1,0,0,5,2014,1,0,1,0,0.72,0.12,2.52
1,0,0,0,0,0,0,1,0,0,0,0,0,1,0,0,0,0,0,1,1531,0,0,1,0,10,20,30620,3674.4,26945.6,15310,11635.6,12/1/2014,Monday,1,0,0,0,12,2014,1,0,1,0,0.43,0.12,0.76
1,0,0,0,0,0,1,0,0,0,0,0,0,0,0,1,0,0,0,1,1491,0,1,0,0,250,7,10437,1252.44,9184.56,7455,1729.56,3/1/2014,Saturday,0,1,0,0,3,2014,1,0,0,1,0.19,0.12,0.23
1,0,0,0,0,0,0,1,0,0,0,0,0,0,0,1,0,0,0,1,1531,0,0,1,0,250,20,30620,3674.4,26945.6,15310,11635.6,12/1/2014,Monday,1,0,0,0,12,2014,1,0,1,0,0.43,0.12,0.76
0,0,1,0,0,1,0,0,0,0,0,0,1,0,0,0,0,0,0,1,2761,0,0,0,1,260,12,33132,3975.84,29156.16,8283,20873.16,9/1/2013,Sunday,0,0,0,1,9,2013,0,1,0,1,0.72,0.12,2.52
0,0,0,1,0,0,0,0,0,1,1,0,0,0,0,0,0,0,0,1,2567,0,0,0,1,3,15,38505,5005.65,33499.35,25670,7829.35,6/1/2014,Sunday,0,0,1,0,6,2014,1,0,0,1,0.23,0.13,0.31
0,0,0,1,0,0,0,0,0,1,0,0,0,0,0,1,0,0,0,1,2567,0,0,0,1,250,15,38505,5005.65,33499.35,25670,7829.35,6/1/2014,Sunday,0,0,1,0,6,2014,1,0,0,1,0.23,0.13,0.31
1,0,0,0,0,1,0,0,0,0,1,0,0,0,0,0,0,0,0,1,923,0,1,0,0,3,350,323050,41996.5,281053.5,239980,41073.5,3/1/2014,Saturday,0,1,0,0,3,2014,1,0,0,1,0.15,0.13,0.17
1,0,0,0,0,0,0,1,0,0,1,0,0,0,0,0,0,0,0,1,442,1,0,0,0,3,20,8840,1149.2,7690.8,4420,3270.8,9/1/2013,Sunday,0,0,0,1,9,2013,0,1,0,1,0.43,0.13,0.74
1,0,0,0,0,0,0,0,0,1,0,1,0,0,0,0,0,0,0,1,982.5,0,1,0,0,5,350,343875,44703.75,299171.25,255450,43721.25,1/1/2014,Wednesday,1,0,0,0,1,2014,1,0,1,0,0.15,0.13,0.17
1,0,0,0,0,0,0,0,0,1,0,1,0,0,0,0,0,0,0,1,1298,0,1,0,0,5,7,9086,1181.18,7904.82,6490,1414.82,2/1/2014,Saturday,1,0,0,0,2,2014,1,0,0,1,0.18,0.13,0.22
0,0,1,0,0,0,0,0,1,0,0,1,0,0,0,0,0,0,0,1,604,0,1,0,0,5,12,7248,942.24,6305.76,1812,4493.76,6/1/2014,Sunday,0,0,1,0,6,2014,1,0,0,1,0.71,0.13,2.48
1,0,0,0,0,0,0,0,1,0,0,1,0,0,0,0,0,0,0,1,2255,0,0,1,0,5,20,45100,5863,39237,22550,16687,7/1/2014,Tuesday,0,0,1,0,7,2014,1,0,1,0,0.43,0.13,0.74
1,0,0,0,0,1,0,0,0,0,0,1,0,0,0,0,0,0,0,1,1249,0,1,0,0,5,20,24980,3247.4,21732.6,12490,9242.6,10/1/2014,Wednesday,0,0,0,1,10,2014,1,0,1,0,0.43,0.13,0.74
1,0,0,0,0,0,0,0,0,1,0,0,0,1,0,0,0,0,0,1,1438.5,0,1,0,0,10,7,10069.5,1309.04,8760.47,7192.5,1567.97,1/1/2014,Wednesday,1,0,0,0,1,2014,1,0,1,0,0.18,0.13,0.22
0,0,0,0,1,0,0,1,0,0,0,0,0,1,0,0,0,0,0,1,807,0,1,0,0,10,300,242100,31473,210627,201750,8877,1/1/2014,Wednesday,1,0,0,0,1,2014,1,0,1,0,0.04,0.13,0.04
1,0,0,0,0,0,0,0,0,1,0,0,0,1,0,0,0,0,0,1,2641,0,0,0,1,10,20,52820,6866.6,45953.4,26410,19543.4,2/1/2014,Saturday,1,0,0,0,2,2014,1,0,0,1,0.43,0.13,0.74
1,0,0,0,0,0,0,1,0,0,0,0,0,1,0,0,0,0,0,1,2708,0,0,0,1,10,20,54160,7040.8,47119.2,27080,20039.2,2/1/2014,Saturday,1,0,0,0,2,2014,1,0,0,1,0.43,0.13,0.74
0,1,0,0,0,1,0,0,0,0,0,0,0,1,0,0,0,0,0,1,1583,0,0,1,0,10,125,197875,25723.75,172151.25,189960,-17808.75,6/1/2014,Sunday,0,0,1,0,6,2014,1,0,0,1,-0.10,0.13,-0.09
0,0,1,0,0,0,0,0,1,0,0,0,0,1,0,0,0,0,0,1,571,0,1,0,0,10,12,6852,890.76,5961.24,1713,4248.24,7/1/2014,Tuesday,0,0,1,0,7,2014,1,0,1,0,0.71,0.13,2.48
1,0,0,0,0,0,1,0,0,0,0,0,0,1,0,0,0,0,0,1,2696,0,0,0,1,10,7,18872,2453.36,16418.64,13480,2938.64,8/1/2014,Friday,0,0,1,0,8,2014,1,0,1,0,0.18,0.13,0.22
0,0,0,1,0,1,0,0,0,0,0,0,0,1,0,0,0,0,0,1,1565,0,0,1,0,10,15,23475,3051.75,20423.25,15650,4773.25,10/1/2014,Wednesday,0,0,0,1,10,2014,1,0,1,0,0.23,0.13,0.31
1,0,0,0,0,1,0,0,0,0,0,0,0,1,0,0,0,0,0,1,1249,0,1,0,0,10,20,24980,3247.4,21732.6,12490,9242.6,10/1/2014,Wednesday,0,0,0,1,10,2014,1,0,1,0,0.43,0.13,0.74
1,0,0,0,0,0,0,1,0,0,0,0,0,1,0,0,0,0,0,1,357,1,0,0,0,10,350,124950,16243.5,108706.5,92820,15886.5,11/1/2014,Saturday,0,0,0,1,11,2014,1,0,0,1,0.15,0.13,0.17
0,0,1,0,0,0,0,1,0,0,0,0,0,1,0,0,0,0,0,1,1013,0,1,0,0,10,12,12156,1580.28,10575.72,3039,7536.72,12/1/2014,Monday,1,0,0,0,12,2014,1,0,1,0,0.71,0.13,2.48
0,0,0,1,0,0,1,0,0,0,0,0,0,0,1,0,0,0,0,1,3997.5,0,0,0,1,120,15,59962.5,7795.13,52167.38,39975,12192.38,1/1/2014,Wednesday,1,0,0,0,1,2014,1,0,1,0,0.23,0.13,0.31
1,0,0,0,0,0,1,0,0,0,0,0,0,0,1,0,0,0,0,1,1190,0,1,0,0,120,7,8330,1082.9,7247.1,5950,1297.1,6/1/2014,Sunday,0,0,1,0,6,2014,1,0,0,1,0.18,0.13,0.22
0,0,1,0,0,0,0,0,1,0,0,0,0,0,1,0,0,0,0,1,604,0,1,0,0,120,12,7248,942.24,6305.76,1812,4493.76,6/1/2014,Sunday,0,0,1,0,6,2014,1,0,0,1,0.71,0.13,2.48
0,0,0,1,0,0,0,1,0,0,0,0,0,0,1,0,0,0,0,1,660,0,1,0,0,120,15,9900,1287,8613,6600,2013,9/1/2013,Sunday,0,0,0,1,9,2013,0,1,0,1,0.23,0.13,0.31
0,0,1,0,0,0,0,0,1,0,0,0,0,0,1,0,0,0,0,1,410,1,0,0,0,120,12,4920,639.6,4280.4,1230,3050.4,10/1/2014,Wednesday,0,0,0,1,10,2014,1,0,1,0,0.71,0.13,2.48
0,0,0,0,1,0,0,0,1,0,0,0,0,0,1,0,0,0,0,1,2605,0,0,0,1,120,300,781500,101595,679905,651250,28655,11/1/2013,Friday,0,0,0,1,11,2013,0,1,1,0,0.04,0.13,0.04
0,0,1,0,0,0,0,1,0,0,0,0,0,0,1,0,0,0,0,1,1013,0,1,0,0,120,12,12156,1580.28,10575.72,3039,7536.72,12/1/2014,Monday,1,0,0,0,12,2014,1,0,1,0,0.71,0.13,2.48
0,1,0,0,0,1,0,0,0,0,0,0,0,0,0,1,0,0,0,1,1583,0,0,1,0,250,125,197875,25723.75,172151.25,189960,-17808.75,6/1/2014,Sunday,0,0,1,0,6,2014,1,0,0,1,-0.10,0.13,-0.09
0,0,0,1,0,1,0,0,0,0,0,0,0,0,0,1,0,0,0,1,1565,0,0,1,0,250,15,23475,3051.75,20423.25,15650,4773.25,10/1/2014,Wednesday,0,0,0,1,10,2014,1,0,1,0,0.23,0.13,0.31
0,1,0,0,0,1,0,0,0,0,0,0,1,0,0,0,0,0,0,1,1659,0,0,1,0,260,125,207375,26958.75,180416.25,199080,-18663.75,1/1/2014,Wednesday,1,0,0,0,1,2014,1,0,1,0,-0.10,0.13,-0.09
1,0,0,0,0,0,1,0,0,0,0,0,1,0,0,0,0,0,0,1,1190,0,1,0,0,260,7,8330,1082.9,7247.1,5950,1297.1,6/1/2014,Sunday,0,0,1,0,6,2014,1,0,0,1,0.18,0.13,0.22
0,0,1,0,0,0,0,0,1,0,0,0,1,0,0,0,0,0,0,1,410,1,0,0,0,260,12,4920,639.6,4280.4,1230,3050.4,10/1/2014,Wednesday,0,0,0,1,10,2014,1,0,1,0,0.71,0.13,2.48
0,0,1,0,0,0,0,1,0,0,0,0,1,0,0,0,0,0,0,1,1770,0,0,1,0,260,12,21240,2761.2,18478.8,5310,13168.8,12/1/2013,Sunday,1,0,0,0,12,2013,0,1,0,1,0.71,0.13,2.48
1,0,0,0,0,0,0,0,1,0,1,0,0,0,0,0,0,0,0,1,2579,0,0,0,1,3,20,51580,7221.2,44358.8,25790,18568.8,4/1/2014,Tuesday,0,1,0,0,4,2014,1,0,1,0,0.42,0.14,0.72
1,0,0,0,0,0,0,0,0,1,1,0,0,0,0,0,0,0,0,1,1743,0,0,1,0,3,20,34860,4880.4,29979.6,17430,12549.6,5/1/2014,Thursday,0,1,0,0,5,2014,1,0,1,0,0.42,0.14,0.72
1,0,0,0,0,0,0,0,0,1,1,0,0,0,0,0,0,0,0,1,2996,0,0,0,1,3,7,20972,2936.08,18035.92,14980,3055.92,10/1/2013,Tuesday,0,0,0,1,10,2013,0,1,1,0,0.17,0.14,0.20
1,0,0,0,0,0,0,1,0,0,1,0,0,0,0,0,0,0,0,1,280,1,0,0,0,3,7,1960,274.4,1685.6,1400,285.6,12/1/2014,Monday,1,0,0,0,12,2014,1,0,1,0,0.17,0.14,0.20
1,0,0,0,0,0,1,0,0,0,0,1,0,0,0,0,0,0,0,1,293,1,0,0,0,5,7,2051,287.14,1763.86,1465,298.86,2/1/2014,Saturday,1,0,0,0,2,2014,1,0,0,1,0.17,0.14,0.20
1,0,0,0,0,0,0,0,0,1,0,1,0,0,0,0,0,0,0,1,2996,0,0,0,1,5,7,20972,2936.08,18035.92,14980,3055.92,10/1/2013,Tuesday,0,0,0,1,10,2013,0,1,1,0,0.17,0.14,0.20
0,0,0,1,0,0,0,1,0,0,0,0,0,1,0,0,0,0,0,1,278,1,0,0,0,10,15,4170,583.8,3586.2,2780,806.2,2/1/2014,Saturday,1,0,0,0,2,2014,1,0,0,1,0.22,0.14,0.29
1,0,0,0,0,1,0,0,0,0,0,0,0,1,0,0,0,0,0,1,2428,0,0,1,0,10,20,48560,6798.4,41761.6,24280,17481.6,3/1/2014,Saturday,0,1,0,0,3,2014,1,0,0,1,0.42,0.14,0.72
0,0,0,1,0,0,0,0,0,1,0,0,0,1,0,0,0,0,0,1,1767,0,0,1,0,10,15,26505,3710.7,22794.3,17670,5124.3,9/1/2014,Monday,0,0,0,1,9,2014,1,0,1,0,0.22,0.14,0.29
0,0,1,0,0,0,1,0,0,0,0,0,0,1,0,0,0,0,0,1,1393,0,1,0,0,10,12,16716,2340.24,14375.76,4179,10196.76,10/1/2014,Wednesday,0,0,0,1,10,2014,1,0,1,0,0.71,0.14,2.44
1,0,0,0,0,0,0,1,0,0,0,0,0,0,0,1,0,0,0,1,280,1,0,0,0,250,7,1960,274.4,1685.6,1400,285.6,12/1/2014,Monday,1,0,0,0,12,2014,1,0,1,0,0.17,0.14,0.20
0,0,1,0,0,0,1,0,0,0,0,0,1,0,0,0,0,0,0,1,1393,0,1,0,0,260,12,16716,2340.24,14375.76,4179,10196.76,10/1/2014,Wednesday,0,0,0,1,10,2014,1,0,1,0,0.71,0.14,2.44
0,0,1,0,0,0,0,0,0,1,0,0,1,0,0,0,0,0,0,1,2015,0,0,1,0,260,12,24180,3385.2,20794.8,6045,14749.8,12/1/2013,Sunday,1,0,0,0,12,2013,0,1,0,1,0.71,0.14,2.44
0,0,0,0,1,0,0,0,1,0,1,0,0,0,0,0,0,0,0,1,801,0,1,0,0,3,300,240300,33642,206658,200250,6408,7/1/2014,Tuesday,0,0,1,0,7,2014,1,0,1,0,0.03,0.14,0.03
0,1,0,0,0,0,1,0,0,0,1,0,0,0,0,0,0,0,0,1,1023,0,1,0,0,3,125,127875,17902.5,109972.5,122760,-12787.5,9/1/2013,Sunday,0,0,0,1,9,2013,0,1,0,1,-0.12,0.14,-0.10
0,0,0,0,1,1,0,0,0,0,1,0,0,0,0,0,0,0,0,1,1496,0,1,0,0,3,300,448800,62832,385968,374000,11968,10/1/2014,Wednesday,0,0,0,1,10,2014,1,0,1,0,0.03,0.14,0.03
0,0,0,0,1,0,0,0,0,1,1,0,0,0,0,0,0,0,0,1,1010,0,1,0,0,3,300,303000,42420,260580,252500,8080,10/1/2014,Wednesday,0,0,0,1,10,2014,1,0,1,0,0.03,0.14,0.03
0,0,0,1,0,0,0,1,0,0,1,0,0,0,0,0,0,0,0,1,1513,0,0,1,0,3,15,22695,3177.3,19517.7,15130,4387.7,11/1/2014,Saturday,0,0,0,1,11,2014,1,0,0,1,0.22,0.14,0.29
0,0,0,1,0,1,0,0,0,0,1,0,0,0,0,0,0,0,0,1,2300,0,0,1,0,3,15,34500,4830,29670,23000,6670,12/1/2014,Monday,1,0,0,0,12,2014,1,0,1,0,0.22,0.14,0.29
1,0,0,0,0,0,0,1,0,0,0,1,0,0,0,0,0,0,0,1,1199,0,1,0,0,5,350,419650,58751,360899,311740,49159,4/1/2014,Tuesday,0,1,0,0,4,2014,1,0,1,0,0.14,0.14,0.16
1,0,0,0,0,1,0,0,0,0,0,1,0,0,0,0,0,0,0,1,200,1,0,0,0,5,350,70000,9800,60200,52000,8200,5/1/2014,Thursday,0,1,0,0,5,2014,1,0,1,0,0.14,0.14,0.16
1,0,0,0,0,1,0,0,0,0,0,1,0,0,0,0,0,0,0,1,388,1,0,0,0,5,7,2716,380.24,2335.76,1940,395.76,9/1/2014,Monday,0,0,0,1,9,2014,1,0,1,0,0.17,0.14,0.20
1,0,0,0,0,0,0,0,1,0,0,1,0,0,0,0,0,0,0,1,1727,0,0,1,0,5,7,12089,1692.46,10396.54,8635,1761.54,10/1/2013,Tuesday,0,0,0,1,10,2013,0,1,1,0,0.17,0.14,0.20
0,0,0,1,0,1,0,0,0,0,0,1,0,0,0,0,0,0,0,1,2300,0,0,1,0,5,15,34500,4830,29670,23000,6670,12/1/2014,Monday,1,0,0,0,12,2014,1,0,1,0,0.22,0.14,0.29
1,0,0,0,0,0,0,0,1,0,0,0,0,1,0,0,0,0,0,1,260,1,0,0,0,10,20,5200,728,4472,2600,1872,2/1/2014,Saturday,1,0,0,0,2,2014,1,0,0,1,0.42,0.14,0.72
0,0,0,1,0,1,0,0,0,0,0,0,0,1,0,0,0,0,0,1,2470,0,0,1,0,10,15,37050,5187,31863,24700,7163,9/1/2013,Sunday,0,0,0,1,9,2013,0,1,0,1,0.22,0.14,0.29
0,0,0,1,0,1,0,0,0,0,0,0,0,1,0,0,0,0,0,1,1743,0,0,1,0,10,15,26145,3660.3,22484.7,17430,5054.7,10/1/2013,Tuesday,0,0,0,1,10,2013,0,1,1,0,0.22,0.14,0.29
0,0,1,0,0,0,0,0,0,1,0,0,0,1,0,0,0,0,0,1,2914,0,0,0,1,10,12,34968,4895.52,30072.48,8742,21330.48,10/1/2014,Wednesday,0,0,0,1,10,2014,1,0,1,0,0.71,0.14,2.44
1,0,0,0,0,0,1,0,0,0,0,0,0,1,0,0,0,0,0,1,1731,0,0,1,0,10,7,12117,1696.38,10420.62,8655,1765.62,10/1/2014,Wednesday,0,0,0,1,10,2014,1,0,1,0,0.17,0.14,0.20
1,0,0,0,0,1,0,0,0,0,0,0,0,1,0,0,0,0,0,1,700,0,1,0,0,10,350,245000,34300,210700,182000,28700,11/1/2014,Saturday,0,0,0,1,11,2014,1,0,0,1,0.14,0.14,0.16
0,0,1,0,0,1,0,0,0,0,0,0,0,1,0,0,0,0,0,1,2222,0,0,1,0,10,12,26664,3732.96,22931.04,6666,16265.04,11/1/2013,Friday,0,0,0,1,11,2013,0,1,1,0,0.71,0.14,2.44
1,0,0,0,0,0,0,0,0,1,0,0,0,1,0,0,0,0,0,1,1177,0,1,0,0,10,350,411950,57673,354277,306020,48257,11/1/2014,Saturday,0,0,0,1,11,2014,1,0,0,1,0.14,0.14,0.16
0,1,0,0,0,0,0,0,1,0,0,0,0,0,1,0,0,0,0,1,1575,0,0,1,0,120,125,196875,27562.5,169312.5,189000,-19687.5,2/1/2014,Saturday,1,0,0,0,2,2014,1,0,0,1,-0.12,0.14,-0.10
1,0,0,0,0,0,0,0,0,1,0,0,0,0,1,0,0,0,0,1,606,0,1,0,0,120,20,12120,1696.8,10423.2,6060,4363.2,4/1/2014,Tuesday,0,1,0,0,4,2014,1,0,1,0,0.42,0.14,0.72
0,0,0,0,1,0,0,0,0,1,0,0,0,0,1,0,0,0,0,1,2460,0,0,1,0,120,300,738000,103320,634680,615000,19680,7/1/2014,Tuesday,0,0,1,0,7,2014,1,0,1,0,0.03,0.14,0.03
0,0,0,0,1,1,0,0,0,0,0,0,0,0,1,0,0,0,0,1,269,1,0,0,0,120,300,80700,11298,69402,67250,2152,10/1/2013,Tuesday,0,0,0,1,10,2013,0,1,1,0,0.03,0.14,0.03
0,0,0,0,1,0,0,1,0,0,0,0,0,0,1,0,0,0,0,1,2536,0,0,0,1,120,300,760800,106512,654288,634000,20288,11/1/2013,Friday,0,0,0,1,11,2013,0,1,1,0,0.03,0.14,0.03
1,0,0,0,0,0,0,0,1,0,0,0,0,0,0,1,0,0,0,1,2903,0,0,0,1,250,7,20321,2844.94,17476.06,14515,2961.06,3/1/2014,Saturday,0,1,0,0,3,2014,1,0,0,1,0.17,0.14,0.20
0,0,0,0,1,0,0,0,0,1,0,0,0,0,0,1,0,0,0,1,2541,0,0,0,1,250,300,762300,106722,655578,635250,20328,8/1/2014,Friday,0,0,1,0,8,2014,1,0,1,0,0.03,0.14,0.03
0,0,0,0,1,1,0,0,0,0,0,0,0,0,0,1,0,0,0,1,269,1,0,0,0,250,300,80700,11298,69402,67250,2152,10/1/2013,Tuesday,0,0,0,1,10,2013,0,1,1,0,0.03,0.14,0.03
0,0,0,0,1,1,0,0,0,0,0,0,0,0,0,1,0,0,0,1,1496,0,1,0,0,250,300,448800,62832,385968,374000,11968,10/1/2014,Wednesday,0,0,0,1,10,2014,1,0,1,0,0.03,0.14,0.03
0,0,0,0,1,0,0,0,0,1,0,0,0,0,0,1,0,0,0,1,1010,0,1,0,0,250,300,303000,42420,260580,252500,8080,10/1/2014,Wednesday,0,0,0,1,10,2014,1,0,1,0,0.03,0.14,0.03
0,0,0,0,1,1,0,0,0,0,0,0,1,0,0,0,0,0,0,1,888,0,1,0,0,260,300,266400,37296,229104,222000,7104,3/1/2014,Saturday,0,1,0,0,3,2014,1,0,0,1,0.03,0.14,0.03
0,0,1,0,0,0,1,0,0,0,0,0,1,0,0,0,0,0,0,1,2475,0,0,1,0,260,12,29700,4158,25542,7425,18117,8/1/2014,Friday,0,0,1,0,8,2014,1,0,1,0,0.71,0.14,2.44
0,0,0,1,0,1,0,0,0,0,0,0,1,0,0,0,0,0,0,1,1743,0,0,1,0,260,15,26145,3660.3,22484.7,17430,5054.7,10/1/2013,Tuesday,0,0,0,1,10,2013,0,1,1,0,0.22,0.14,0.29
0,0,1,0,0,0,0,0,0,1,0,0,1,0,0,0,0,0,0,1,2914,0,0,0,1,260,12,34968,4895.52,30072.48,8742,21330.48,10/1/2014,Wednesday,0,0,0,1,10,2014,1,0,1,0,0.71,0.14,2.44
1,0,0,0,0,0,1,0,0,0,0,0,1,0,0,0,0,0,0,1,1731,0,0,1,0,260,7,12117,1696.38,10420.62,8655,1765.62,10/1/2014,Wednesday,0,0,0,1,10,2014,1,0,1,0,0.17,0.14,0.20
1,0,0,0,0,0,0,0,1,0,0,0,1,0,0,0,0,0,0,1,1727,0,0,1,0,260,7,12089,1692.46,10396.54,8635,1761.54,10/1/2013,Tuesday,0,0,0,1,10,2013,0,1,1,0,0.17,0.14,0.20
0,0,0,1,0,0,0,0,1,0,0,0,1,0,0,0,0,0,0,1,1870,0,0,1,0,260,15,28050,3927,24123,18700,5423,11/1/2013,Friday,0,0,0,1,11,2013,0,1,1,0,0.22,0.14,0.29
0,1,0,0,0,0,1,0,0,0,1,0,0,0,0,0,0,0,0,1,1174,0,1,0,0,3,125,146750,22012.5,124737.5,140880,-16142.5,8/1/2014,Friday,0,0,1,0,8,2014,1,0,1,0,-0.13,0.15,-0.11
0,1,0,0,0,0,0,1,0,0,1,0,0,0,0,0,0,0,0,1,1085,0,1,0,0,3,125,135625,20343.75,115281.25,130200,-14918.75,10/1/2014,Wednesday,0,0,0,1,10,2014,1,0,1,0,-0.13,0.15,-0.11
0,0,0,0,1,0,0,0,1,0,0,1,0,0,0,0,0,0,0,1,546,0,1,0,0,5,300,163800,24570,139230,136500,2730,10/1/2014,Wednesday,0,0,0,1,10,2014,1,0,1,0,0.02,0.15,0.02
1,0,0,0,0,0,0,1,0,0,0,0,0,1,0,0,0,0,0,1,1158,0,1,0,0,10,20,23160,3474,19686,11580,8106,3/1/2014,Saturday,0,1,0,0,3,2014,1,0,0,1,0.41,0.15,0.70
0,0,0,1,0,1,0,0,0,0,0,0,0,1,0,0,0,0,0,1,1614,0,0,1,0,10,15,24210,3631.5,20578.5,16140,4438.5,4/1/2014,Tuesday,0,1,0,0,4,2014,1,0,1,0,0.22,0.15,0.28
1,0,0,0,0,0,0,0,1,0,0,0,0,1,0,0,0,0,0,1,2535,0,0,0,1,10,7,17745,2661.75,15083.25,12675,2408.25,4/1/2014,Tuesday,0,1,0,0,4,2014,1,0,1,0,0.16,0.15,0.19
0,0,0,1,0,1,0,0,0,0,0,0,0,1,0,0,0,0,0,1,2559,0,0,0,1,10,15,38385,5757.75,32627.25,25590,7037.25,8/1/2014,Friday,0,0,1,0,8,2014,1,0,1,0,0.22,0.15,0.28
1,0,0,0,0,0,0,0,0,1,0,0,0,1,0,0,0,0,0,1,267,1,0,0,0,10,20,5340,801,4539,2670,1869,10/1/2013,Tuesday,0,0,0,1,10,2013,0,1,1,0,0.41,0.15,0.70
0,1,0,0,0,0,0,1,0,0,0,0,0,1,0,0,0,0,0,1,1085,0,1,0,0,10,125,135625,20343.75,115281.25,130200,-14918.75,10/1/2014,Wednesday,0,0,0,1,10,2014,1,0,1,0,-0.13,0.15,-0.11
0,0,0,1,0,0,0,1,0,0,0,0,0,1,0,0,0,0,0,1,1175,0,1,0,0,10,15,17625,2643.75,14981.25,11750,3231.25,10/1/2014,Wednesday,0,0,0,1,10,2014,1,0,1,0,0.22,0.15,0.28
0,0,1,0,0,0,0,0,0,1,0,0,0,1,0,0,0,0,0,1,914,0,1,0,0,10,12,10968,1645.2,9322.8,2742,6580.8,12/1/2014,Monday,1,0,0,0,12,2014,1,0,1,0,0.71,0.15,2.40
1,0,0,0,0,0,1,0,0,0,0,0,0,1,0,0,0,0,0,1,293,1,0,0,0,10,20,5860,879,4981,2930,2051,12/1/2014,Monday,1,0,0,0,12,2014,1,0,1,0,0.41,0.15,0.70
0,0,1,0,0,0,0,0,1,0,0,0,0,0,1,0,0,0,0,1,500,1,0,0,0,120,12,6000,900,5100,1500,3600,3/1/2014,Saturday,0,1,0,0,3,2014,1,0,0,1,0.71,0.15,2.40
0,0,0,1,0,0,1,0,0,0,0,0,0,0,1,0,0,0,0,1,2826,0,0,0,1,120,15,42390,6358.5,36031.5,28260,7771.5,5/1/2014,Thursday,0,1,0,0,5,2014,1,0,1,0,0.22,0.15,0.28
0,1,0,0,0,0,1,0,0,0,0,0,0,0,1,0,0,0,0,1,663,0,1,0,0,120,125,82875,12431.25,70443.75,79560,-9116.25,9/1/2014,Monday,0,0,0,1,9,2014,1,0,1,0,-0.13,0.15,-0.11
0,0,0,0,1,0,0,0,0,1,0,0,0,0,1,0,0,0,0,1,2574,0,0,0,1,120,300,772200,115830,656370,643500,12870,11/1/2013,Friday,0,0,0,1,11,2013,0,1,1,0,0.02,0.15,0.02
0,0,1,0,0,0,0,0,0,1,0,0,0,0,1,0,0,0,0,1,914,0,1,0,0,120,12,10968,1645.2,9322.8,2742,6580.8,12/1/2014,Monday,1,0,0,0,12,2014,1,0,1,0,0.71,0.15,2.40
1,0,0,0,0,1,0,0,0,0,0,0,0,0,0,1,0,0,0,1,865.5,0,1,0,0,250,20,17310,2596.5,14713.5,8655,6058.5,7/1/2014,Tuesday,0,0,1,0,7,2014,1,0,1,0,0.41,0.15,0.70
0,0,0,1,0,0,0,1,0,0,0,0,0,0,0,1,0,0,0,1,492,1,0,0,0,250,15,7380,1107,6273,4920,1353,7/1/2014,Tuesday,0,0,1,0,7,2014,1,0,1,0,0.22,0.15,0.28
1,0,0,0,0,0,0,0,0,1,0,0,0,0,0,1,0,0,0,1,267,1,0,0,0,250,20,5340,801,4539,2670,1869,10/1/2013,Tuesday,0,0,0,1,10,2013,0,1,1,0,0.41,0.15,0.70
0,0,0,1,0,0,0,1,0,0,0,0,0,0,0,1,0,0,0,1,1175,0,1,0,0,250,15,17625,2643.75,14981.25,11750,3231.25,10/1/2014,Wednesday,0,0,0,1,10,2014,1,0,1,0,0.22,0.15,0.28
0,1,0,0,0,0,0,1,0,0,0,0,0,0,0,1,0,0,0,1,552,0,1,0,0,250,125,69000,10350,58650,66240,-7590,11/1/2014,Saturday,0,0,0,1,11,2014,1,0,0,1,-0.13,0.15,-0.11
1,0,0,0,0,0,1,0,0,0,0,0,0,0,0,1,0,0,0,1,293,1,0,0,0,250,20,5860,879,4981,2930,2051,12/1/2014,Monday,1,0,0,0,12,2014,1,0,1,0,0.41,0.15,0.70
0,0,0,0,1,0,1,0,0,0,0,0,1,0,0,0,0,0,0,1,2475,0,0,1,0,260,300,742500,111375,631125,618750,12375,3/1/2014,Saturday,0,1,0,0,3,2014,1,0,0,1,0.02,0.15,0.02
0,0,0,0,1,0,0,0,1,0,0,0,1,0,0,0,0,0,0,1,546,0,1,0,0,260,300,163800,24570,139230,136500,2730,10/1/2014,Wednesday,0,0,0,1,10,2014,1,0,1,0,0.02,0.15,0.02
1,0,0,0,0,0,0,0,1,0,0,1,0,0,0,0,0,0,0,1,1368,0,1,0,0,5,7,9576,1436.4,8139.6,6840,1299.6,2/1/2014,Saturday,1,0,0,0,2,2014,1,0,0,1,0.16,0.15,0.19
1,0,0,0,0,1,0,0,0,0,0,0,0,1,0,0,0,0,0,1,723,0,1,0,0,10,7,5061,759.15,4301.85,3615,686.85,4/1/2014,Tuesday,0,1,0,0,4,2014,1,0,1,0,0.16,0.15,0.19
0,0,1,0,0,0,0,0,0,1,0,0,0,0,0,1,0,0,0,1,1806,0,0,1,0,250,12,21672,3250.8,18421.2,5418,13003.2,5/1/2014,Thursday,0,1,0,0,5,2014,1,0,1,0,0.71,0.15,2.40
